"Order","id","sp","rep","ind","twig","Row","Col","Treat","Final.lab","chill","time","Term.fl","Lat.fl","Term.lf","Lat.lf","Comments","Observer","day1","day2","day3","day","tleaf","lleaf","chillport","lday","fday","bday","nl"
1,"ACESAC05_HF_01","ACESAC","5","ACESAC05",1,7,6,"8_2",NA,"chill8","time2",NA,NA,"0","0","","DF",25,10,-6,10,0,0,53.4607334489438,55,NA,55,1
1,"ACESAC05_HF_02","ACESAC","5","ACESAC05",2,7,4,"2_2",NA,"chill2","time2",NA,NA,"0","0","","DF",25,10,-6,10,0,0,49.8365118379173,NA,NA,63,0
1,"ACESAC05_HF_03","ACESAC","5","ACESAC05",3,4,1,"8_1",NA,"chill8","time1",NA,NA,"0","0","","TS",13,-2,-18,13,0,0,40.243854,70,NA,64,1
2,"ACESAC05_HF_04","ACESAC","5","ACESAC05",4,6,6,"1_2",NA,"chill1","time2",NA,NA,"0","0","","DF",25,10,-6,10,0,0,45.4964798983769,70,NA,63,1
1,"ACESAC05_HF_05","ACESAC","5","ACESAC05",5,5,9,"4_2",NA,"chill4","time2",NA,NA,"0","0","","DF",25,10,-6,10,0,0,51.3734415685938,NA,NA,70,0
1,"ACESAC05_HF_06","ACESAC","5","ACESAC05",6,2,4,"4_3",NA,"chill4","time3",NA,NA,"0","0","","DF",36,21,5,5,0,0,63.0118829365783,NA,NA,54,0
2,"ACESAC05_HF_07","ACESAC","5","ACESAC05",7,3,5,"2_1",NA,"chill2","time1",NA,NA,"0","0","","TS",13,-2,-18,13,0,0,40.243854,NA,NA,64,0
2,"ACESAC05_HF_08","ACESAC","5","ACESAC05",8,2,3,"1_3",NA,"chill1","time3",NA,NA,"1","1","","DF",36,21,5,5,1,1,51.7673318647914,NA,NA,54,0
1,"ACESAC05_HF_09","ACESAC","5","ACESAC05",9,1,8,"4_1",NA,"chill4","time1",NA,NA,"1","1","","TS",13,-2,-18,13,1,1,40.243854,NA,NA,70,0
1,"ACESAC05_HF_10","ACESAC","5","ACESAC05",10,2,2,"1_3",NA,"chill1","time3",NA,NA,"0","0","","DF",36,21,5,5,0,0,51.7673318647914,61,NA,54,1
2,"ACESAC05_HF_11","ACESAC","5","ACESAC05",11,4,3,"2_1",NA,"chill2","time1",NA,NA,"0","0","","TS",13,-2,-18,13,0,0,40.243854,NA,NA,78,0
1,"ACESAC05_HF_12","ACESAC","5","ACESAC05",12,3,8,"8_3",NA,"chill8","time3",NA,NA,"0","0","","DF",36,21,5,5,0,0,66.678368297455,NA,NA,54,0
1,"ACESAC06_HF_01","ACESAC","6","ACESAC06",1,8,2,"2_2",NA,"chill2","time2",NA,NA,"0","0","","DF",25,10,-6,10,0,0,49.8365118379173,NA,NA,NA,0
1,"ACESAC06_HF_02","ACESAC","6","ACESAC06",2,3,2,"2_3",NA,"chill2","time3",NA,NA,"0","0","","DF",36,21,5,5,0,0,60.2845385132397,NA,NA,NA,0
NA,"ACESAC06_HF_03","ACESAC","6","ACESAC06",3,4,8,"1_2",1,"chill1","time2",NA,NA,"0","0","","DF",25,10,-6,10,0,0,45.4964798983769,17,NA,17,1
1,"ACESAC06_HF_04","ACESAC","6","ACESAC06",4,4,5,"2_1",NA,"chill2","time1",NA,NA,"0","0","","TS",13,-2,-18,13,0,0,40.243854,NA,NA,NA,0
2,"ACESAC06_HF_05","ACESAC","6","ACESAC06",5,4,8,"8_1",NA,"chill8","time1",NA,NA,"0","0","","TS",13,-2,-18,13,0,0,40.243854,NA,NA,NA,0
1,"ACESAC06_HF_06","ACESAC","6","ACESAC06",6,6,2,"4_2",NA,"chill4","time2",NA,NA,"0","0","","DF",25,10,-6,10,0,0,51.3734415685938,NA,NA,NA,0
1,"ACESAC06_HF_07","ACESAC","6","ACESAC06",7,2,5,"4_1",NA,"chill4","time1",NA,NA,"0","0","","TS",13,-2,-18,13,0,0,40.243854,NA,NA,NA,0
1,"ACESAC06_HF_08","ACESAC","6","ACESAC06",8,2,6,"1_1",NA,"chill1","time1",NA,NA,"0","0","","TS",13,-2,-18,13,0,0,40.243854,NA,NA,NA,0
1,"ACESAC06_HF_09","ACESAC","6","ACESAC06",9,8,7,"8_2",NA,"chill8","time2",NA,NA,"0","0","","DF",25,10,-6,10,0,0,53.4607334489438,NA,NA,NA,0
1,"ACESAC06_HF_10","ACESAC","6","ACESAC06",10,2,6,"4_3",NA,"chill4","time3",NA,NA,"0","0","","DF",36,21,5,5,0,0,63.0118829365783,NA,NA,61,0
1,"ACESAC06_HF_11","ACESAC","6","ACESAC06",11,1,2,"1_3",NA,"chill1","time3",NA,NA,"0","0","","DF",36,21,5,5,0,0,51.7673318647914,NA,NA,61,0
1,"ACESAC06_HF_12","ACESAC","6","ACESAC06",12,4,1,"8_3",NA,"chill8","time3",NA,NA,"0","0","","DF",36,21,5,5,0,0,66.678368297455,NA,NA,54,0
1,"ACESAC07_HF_01","ACESAC","7","ACESAC07",1,8,2,"8_2",NA,"chill8","time2",NA,NA,"0","0","","DF",25,10,-6,10,0,0,53.4607334489438,63,NA,49,1
2,"ACESAC07_HF_02","ACESAC","7","ACESAC07",2,2,7,"1_1",NA,"chill1","time1",NA,NA,"0","0","","TS",13,-2,-18,13,0,0,40.243854,NA,NA,64,0
1,"ACESAC07_HF_03","ACESAC","7","ACESAC07",3,1,8,"4_3",NA,"chill4","time3",NA,NA,"0","0","","DF",36,21,5,5,0,0,63.0118829365783,61,NA,54,1
1,"ACESAC07_HF_04","ACESAC","7","ACESAC07",4,3,8,"2_1",NA,"chill2","time1",NA,NA,"0","0","","TS",13,-2,-18,13,0,0,40.243854,78,NA,64,1
1,"ACESAC07_HF_05","ACESAC","7","ACESAC07",5,4,9,"8_3",NA,"chill8","time3",NA,NA,"0","0","","DF",36,21,5,5,0,0,66.678368297455,54,NA,54,1
3,"ACESAC07_HF_06","ACESAC","7","ACESAC07",6,4,5,"2_3",NA,"chill2","time3",NA,NA,"0","0","","DF",36,21,5,5,0,0,60.2845385132397,NA,NA,61,0
3,"ACESAC07_HF_07","ACESAC","7","ACESAC07",7,3,3,"2_1",NA,"chill2","time1",NA,NA,"0","0","","TS",13,-2,-18,13,0,0,40.243854,78,NA,78,1
2,"ACESAC07_HF_08","ACESAC","7","ACESAC07",8,5,7,"1_2",NA,"chill1","time2",NA,NA,"0","0","","DF",25,10,-6,10,0,0,45.4964798983769,NA,NA,52,0
1,"ACESAC07_HF_09","ACESAC","7","ACESAC07",9,3,8,"8_1",NA,"chill8","time1",NA,NA,"0","0","","TS",13,-2,-18,13,0,0,40.243854,NA,NA,NA,0
1,"ACESAC07_HF_10","ACESAC","7","ACESAC07",10,1,7,"4_1",NA,"chill4","time1",NA,NA,"0","0","","TS",13,-2,-18,13,0,0,40.243854,NA,NA,70,0
1,"ACESAC07_HF_11","ACESAC","7","ACESAC07",11,5,5,"4_2",NA,"chill4","time2",NA,NA,"0","0","","DF",25,10,-6,10,0,0,51.3734415685938,NA,NA,NA,0
1,"ACESAC07_HF_12","ACESAC","7","ACESAC07",12,2,8,"1_1",NA,"chill1","time1",NA,NA,"0","0","","TS",13,-2,-18,13,0,0,40.243854,78,NA,67,1
1,"ACESAC09_HF_01","ACESAC","9","ACESAC09",1,1,6,"4_3",NA,"chill4","time3",NA,NA,"0","0","","DF",36,21,5,5,0,0,63.0118829365783,NA,NA,NA,0
1,"ACESAC09_HF_02","ACESAC","9","ACESAC09",2,6,9,"1_2",2,"chill1","time2",NA,NA,"0","0","","DF",25,10,-6,10,0,0,45.4964798983769,NA,NA,NA,0
1,"ACESAC09_HF_03","ACESAC","9","ACESAC09",3,1,9,"1_1",NA,"chill1","time1",NA,NA,"0","0","","TS",13,-2,-18,13,0,0,40.243854,NA,NA,NA,0
1,"ACESAC09_HF_04","ACESAC","9","ACESAC09",4,1,2,"4_1",NA,"chill4","time1",NA,NA,"0","0","","TS",13,-2,-18,13,0,0,40.243854,NA,NA,NA,0
1,"ACESAC09_HF_05","ACESAC","9","ACESAC09",5,4,4,"2_1",NA,"chill2","time1",NA,NA,"0","0","","TS",13,-2,-18,13,0,0,40.243854,NA,NA,NA,0
1,"ACESAC09_HF_06","ACESAC","9","ACESAC09",6,4,4,"8_3",NA,"chill8","time3",NA,NA,"0","0","","DF",36,21,5,5,0,0,66.678368297455,NA,NA,61,0
3,"ACESAC09_HF_07","ACESAC","9","ACESAC09",7,7,7,"2_2",NA,"chill2","time2",NA,NA,"0","0","","DF",25,10,-6,10,0,0,49.8365118379173,21,NA,21,1
1,"ACESAC09_HF_08","ACESAC","9","ACESAC09",8,7,7,"8_2",NA,"chill8","time2",NA,NA,"0","0","","DF",25,10,-6,10,0,0,53.4607334489438,NA,NA,49,0
1,"ACESAC09_HF_09","ACESAC","9","ACESAC09",9,3,3,"2_3",NA,"chill2","time3",NA,NA,"0","0","","DF",36,21,5,5,0,0,60.2845385132397,NA,NA,NA,0
1,"ACESAC09_HF_10","ACESAC","9","ACESAC09",10,5,3,"4_2",NA,"chill4","time2",NA,NA,"0","0","","DF",25,10,-6,10,0,0,51.3734415685938,NA,NA,NA,0
2,"ACESAC09_HF_11","ACESAC","9","ACESAC09",11,8,6,"8_2",NA,"chill8","time2",NA,NA,"0","0","","DF",25,10,-6,10,0,0,53.4607334489438,NA,NA,NA,0
1,"ACESAC09_HF_12","ACESAC","9","ACESAC09",12,1,4,"1_3",NA,"chill1","time3",NA,NA,"0","0","","DF",36,21,5,5,0,0,51.7673318647914,NA,NA,NA,0
1,"ACESAC99_HF_01","ACESAC","99","ACESAC99",1,2,1,"1_1",NA,"chill1","time1",NA,NA,"0","0","","TS",13,-2,-18,13,0,0,40.243854,NA,NA,NA,0
1,"ACESAC99_HF_02","ACESAC","99","ACESAC99",2,5,5,"1_2",NA,"chill1","time2",NA,NA,"0","0","","DF",25,10,-6,10,0,0,45.4964798983769,NA,NA,NA,0
3,"ACESAC99_HF_03","ACESAC","99","ACESAC99",3,1,8,"1_3",NA,"chill1","time3",NA,NA,"0","0","","DF",36,21,5,5,0,0,51.7673318647914,NA,NA,NA,0
1,"ACESAC99_HF_04","ACESAC","99","ACESAC99",4,8,5,"2_2",NA,"chill2","time2",NA,NA,"0","0","","DF",25,10,-6,10,0,0,49.8365118379173,NA,NA,70,0
1,"ACESAC99_HF_05","ACESAC","99","ACESAC99",5,7,9,"8_2",NA,"chill8","time2",NA,NA,"0","0","","DF",25,10,-6,10,0,0,53.4607334489438,NA,NA,NA,0
1,"ACESAC99_HF_06","ACESAC","99","ACESAC99",6,4,6,"2_1",NA,"chill2","time1",NA,NA,"0","0","","TS",13,-2,-18,13,0,0,40.243854,NA,NA,NA,0
1,"ACESAC99_HF_07","ACESAC","99","ACESAC99",7,2,4,"4_1",NA,"chill4","time1",NA,NA,"0","0","","TS",13,-2,-18,13,0,0,40.243854,NA,NA,78,0
3,"ACESAC99_HF_08","ACESAC","99","ACESAC99",8,2,7,"4_1",NA,"chill4","time1",NA,NA,"0","0","","TS",13,-2,-18,13,0,0,40.243854,NA,NA,78,0
1,"ACESAC99_HF_09","ACESAC","99","ACESAC99",9,4,10,"2_3",7,"chill2","time3",NA,NA,"0","0","","DF",36,21,5,5,0,0,60.2845385132397,NA,NA,61,0
1,"ACESAC99_HF_10","ACESAC","99","ACESAC99",10,3,9,"8_3",NA,"chill8","time3",NA,NA,"0","0","","DF",36,21,5,5,0,0,66.678368297455,NA,NA,NA,0
1,"ACESAC99_HF_11","ACESAC","99","ACESAC99",11,3,7,"8_1",NA,"chill8","time1",NA,NA,"0","0","","TS",13,-2,-18,13,0,0,40.243854,NA,NA,NA,0
1,"ACESAC99_HF_12","ACESAC","99","ACESAC99",12,2,2,"4_3",NA,"chill4","time3",NA,NA,"0","0","","DF",36,21,5,5,0,0,63.0118829365783,NA,NA,NA,0
3,"ACESACX1_HF_01","ACESAC","X1","ACESACX1",1,5,7,"4_2",NA,"chill4","time2",NA,NA,"0","0","","DF",25,10,-6,10,0,0,51.3734415685938,63,NA,55,1
2,"ACESACX1_HF_02","ACESAC","X1","ACESACX1",2,3,4,"2_3",NA,"chill2","time3",NA,NA,"0","0","","DF",36,21,5,5,0,0,60.2845385132397,54,NA,47,1
2,"ACESACX1_HF_03","ACESAC","X1","ACESACX1",3,1,4,"4_3",NA,"chill4","time3",NA,NA,"0","0","","DF",36,21,5,5,0,0,63.0118829365783,NA,NA,NA,0
1,"ACESACX1_HF_04","ACESAC","X1","ACESACX1",4,2,7,"1_3",NA,"chill1","time3",NA,NA,"0","0","","DF",36,21,5,5,0,0,51.7673318647914,54,NA,47,1
1,"ACESACX1_HF_05","ACESAC","X1","ACESACX1",5,3,5,"2_3",NA,"chill2","time3",NA,NA,"0","0","","DF",36,21,5,5,0,0,60.2845385132397,54,NA,47,1
1,"ACESACX1_HF_06","ACESAC","X1","ACESACX1",6,5,2,"4_2",NA,"chill4","time2",NA,NA,"0","0","","DF",25,10,-6,10,0,0,51.3734415685938,55,NA,49,1
1,"ACESACX1_HF_07","ACESAC","X1","ACESACX1",7,2,5,"1_1",NA,"chill1","time1",NA,NA,"0","0","","TS",13,-2,-18,13,0,0,40.243854,78,NA,64,1
1,"ACESACX1_HF_08","ACESAC","X1","ACESACX1",8,4,2,"8_1",NA,"chill8","time1",NA,NA,"0","0","","TS",13,-2,-18,13,0,0,40.243854,NA,NA,64,0
1,"ACESACX1_HF_09","ACESAC","X1","ACESACX1",9,7,5,"2_2",NA,"chill2","time2",NA,NA,"0","0","","DF",25,10,-6,10,0,0,49.8365118379173,63,NA,49,1
1,"ACESACX1_HF_10","ACESAC","X1","ACESACX1",10,5,9,"1_2",NA,"chill1","time2",NA,NA,"0","0","","DF",25,10,-6,10,0,0,45.4964798983769,63,NA,49,1
2,"ACESACX1_HF_11","ACESAC","X1","ACESACX1",11,3,3,"8_1",NA,"chill8","time1",NA,NA,"1","1","","TS",13,-2,-18,13,1,1,40.243854,70,NA,64,1
1,"ACESACX1_HF_12","ACESAC","X1","ACESACX1",12,3,3,"8_3",NA,"chill8","time3",NA,NA,"0","0","","DF",36,21,5,5,0,0,66.678368297455,54,NA,39,1
1,"ACESACX2_HF_01","ACESAC","X2","ACESACX2",1,5,3,"1_2",NA,"chill1","time2",NA,NA,"0","0","","DF",25,10,-6,10,0,0,45.4964798983769,NA,NA,70,0
1,"ACESACX2_HF_02","ACESAC","X2","ACESACX2",2,3,9,"2_1",NA,"chill2","time1",NA,NA,"0","0","","TS",13,-2,-18,13,0,0,40.243854,NA,NA,NA,0
1,"ACESACX2_HF_03","ACESAC","X2","ACESACX2",3,2,9,"1_1",NA,"chill1","time1",NA,NA,"0","0","","TS",13,-2,-18,13,0,0,40.243854,NA,NA,85,0
1,"ACESACX2_HF_04","ACESAC","X2","ACESACX2",4,6,3,"4_2",NA,"chill4","time2",NA,NA,"0","0","","DF",25,10,-6,10,0,0,51.3734415685938,NA,NA,63,0
1,"ACESACX2_HF_05","ACESAC","X2","ACESACX2",5,2,8,"4_3",NA,"chill4","time3",NA,NA,"0","0","","DF",36,21,5,5,0,0,63.0118829365783,NA,NA,NA,0
1,"ACESACX2_HF_06","ACESAC","X2","ACESACX2",6,3,1,"2_3",NA,"chill2","time3",NA,NA,"0","0","","DF",36,21,5,5,0,0,60.2845385132397,NA,NA,61,0
2,"ACESACX2_HF_07","ACESAC","X2","ACESACX2",7,5,4,"4_2",NA,"chill4","time2",NA,NA,"0","0","","DF",25,10,-6,10,0,0,51.3734415685938,NA,NA,63,0
1,"ACESACX2_HF_08","ACESAC","X2","ACESACX2",8,4,6,"8_3",NA,"chill8","time3",NA,NA,"0","0","","DF",36,21,5,5,0,0,66.678368297455,61,NA,39,1
1,"ACESACX2_HF_09","ACESAC","X2","ACESACX2",9,7,9,"2_2",NA,"chill2","time2",NA,NA,"0","0","","DF",25,10,-6,10,0,0,49.8365118379173,NA,NA,NA,0
1,"ACESACX2_HF_10","ACESAC","X2","ACESACX2",10,2,1,"1_3",NA,"chill1","time3",NA,NA,"1","1","","DF",36,21,5,5,1,1,51.7673318647914,NA,NA,40,0
1,"ACESACX2_HF_11","ACESAC","X2","ACESACX2",11,4,7,"8_1",NA,"chill8","time1",NA,NA,"0","0","","TS",13,-2,-18,13,0,0,40.243854,NA,NA,78,0
NA,"ACESACX2_HF_12","ACESAC","X2","ACESACX2",12,5,1,"8_2",12,"chill8","time2",NA,NA,"0","0","","DF",25,10,-6,10,0,0,53.4607334489438,NA,NA,70,0
1,"ACESACX3_HF_01","ACESAC","X3","ACESACX3",1,6,4,"4_2",8,"chill4","time2",NA,NA,"0","0","","DF",25,10,-6,10,0,0,51.3734415685938,NA,NA,NA,0
1,"ACESACX3_HF_02","ACESAC","X3","ACESACX3",2,7,1,"2_2",NA,"chill2","time2",NA,NA,"0","0","","DF",25,10,-6,10,0,0,49.8365118379173,NA,NA,49,0
1,"ACESACX3_HF_03","ACESAC","X3","ACESACX3",3,2,4,"1_3",NA,"chill1","time3",NA,NA,"0","0","","DF",36,21,5,5,0,0,51.7673318647914,NA,NA,40,0
2,"ACESACX3_HF_04","ACESAC","X3","ACESACX3",4,3,9,"8_1",NA,"chill8","time1",NA,NA,"0","0","","TS",13,-2,-18,13,0,0,40.243854,NA,NA,85,0
1,"ACESACX3_HF_05","ACESAC","X3","ACESACX3",5,8,9,"8_2",NA,"chill8","time2",NA,NA,"0","0","","DF",25,10,-6,10,0,0,53.4607334489438,NA,NA,70,0
1,"ACESACX3_HF_06","ACESAC","X3","ACESACX3",6,3,1,"4_3",NA,"chill4","time3",NA,NA,"0","0","","DF",36,21,5,5,0,0,63.0118829365783,61,NA,54,1
3,"ACESACX3_HF_07","ACESAC","X3","ACESACX3",7,4,2,"2_1",NA,"chill2","time1",NA,NA,"1","1","","TS",13,-2,-18,13,1,1,40.243854,NA,NA,NA,0
1,"ACESACX3_HF_08","ACESAC","X3","ACESACX3",8,4,2,"8_3",NA,"chill8","time3",NA,NA,"0","0","","DF",36,21,5,5,0,0,66.678368297455,NA,NA,NA,0
1,"ACESACX3_HF_09","ACESAC","X3","ACESACX3",9,3,1,"4_1",NA,"chill4","time1",NA,NA,"0","0","","TS",13,-2,-18,13,0,0,40.243854,NA,NA,NA,0
1,"ACESACX3_HF_10","ACESAC","X3","ACESACX3",10,3,8,"2_3",NA,"chill2","time3",NA,NA,"0","0","","DF",36,21,5,5,0,0,60.2845385132397,NA,NA,NA,0
2,"ACESACX3_HF_11","ACESAC","X3","ACESACX3",11,6,1,"1_2",NA,"chill1","time2",NA,NA,"0","0","","DF",25,10,-6,10,0,0,45.4964798983769,NA,NA,NA,0
2,"ACESACX3_HF_12","ACESAC","X3","ACESACX3",12,1,3,"1_3",NA,"chill1","time3",NA,NA,"1","1","","DF",36,21,5,5,1,1,51.7673318647914,NA,NA,NA,0
1,"BETALL16_HF_01","BETALL","16","BETALL16",1,3,7,"2_1",NA,"chill2","time1",NA,NA,"0","0","","TS",13,-2,-18,13,0,0,40.243854,42,NA,29,1
1,"BETALL16_HF_02","BETALL","16","BETALL16",2,1,7,"1_3",NA,"chill1","time3",NA,NA,"0","0","","DF",36,21,5,5,0,0,51.7673318647914,33,NA,17,1
2,"BETALL16_HF_03","BETALL","16","BETALL16",3,1,1,"4_1",NA,"chill4","time1",NA,NA,"1","1","","TS",13,-2,-18,13,1,1,40.243854,43,NA,29,1
1,"BETALL16_HF_04","BETALL","16","BETALL16",4,8,3,"2_2",NA,"chill2","time2",NA,NA,"0","0","","DF",25,10,-6,10,0,0,49.8365118379173,49,NA,24,1
2,"BETALL16_HF_05","BETALL","16","BETALL16",5,4,1,"8_3",NA,"chill8","time3",NA,NA,"0","0","","DF",36,21,5,5,0,0,66.678368297455,22,NA,22,1
1,"BETALL16_HF_06","BETALL","16","BETALL16",6,3,6,"2_3",NA,"chill2","time3",NA,NA,"0","0","","DF",36,21,5,5,0,0,60.2845385132397,40,NA,22,1
3,"BETALL16_HF_07","BETALL","16","BETALL16",7,2,2,"1_3",NA,"chill1","time3",NA,NA,"0","0","","DF",36,21,5,5,0,0,51.7673318647914,39,NA,17,1
NA,"BETALL16_HF_08","BETALL","16","BETALL16",8,5,1,"8_2",12,"chill8","time2",NA,NA,"0","0","","DF",25,10,-6,10,0,0,53.4607334489438,55,NA,21,1
2,"BETALL16_HF_09","BETALL","16","BETALL16",9,2,9,"4_3",NA,"chill4","time3",NA,NA,"0","0","","DF",36,21,5,5,0,0,63.0118829365783,47,NA,22,1
2,"BETALL16_HF_10","BETALL","16","BETALL16",10,6,4,"4_2",8,"chill4","time2",NA,NA,"0","0","","DF",25,10,-6,10,0,0,51.3734415685938,49,NA,21,1
3,"BETALL16_HF_11","BETALL","16","BETALL16",11,3,5,"8_1",NA,"chill8","time1",NA,NA,"0","0","","TS",13,-2,-18,13,0,0,40.243854,43,NA,25,1
2,"BETALL16_HF_12","BETALL","16","BETALL16",12,6,4,"1_2",NA,"chill1","time2",NA,NA,"0","0","","DF",25,10,-6,10,0,0,45.4964798983769,27,NA,17,1
2,"BETALL17_HF_01","BETALL","17","BETALL17",1,4,1,"2_1",NA,"chill2","time1",NA,NA,"1","1","","TS",13,-2,-18,13,1,1,40.243854,42,NA,29,1
2,"BETALL17_HF_02","BETALL","17","BETALL17",2,4,2,"2_1",NA,"chill2","time1",NA,NA,"1","1","","TS",13,-2,-18,13,1,1,40.243854,78,NA,36,1
1,"BETALL17_HF_03","BETALL","17","BETALL17",3,2,10,"1_3",3,"chill1","time3",NA,NA,"0","0","","DF",36,21,5,5,0,0,51.7673318647914,61,NA,22,1
3,"BETALL17_HF_04","BETALL","17","BETALL17",4,2,3,"4_1",NA,"chill4","time1",NA,NA,"1","1","","TS",13,-2,-18,13,1,1,40.243854,43,NA,25,1
2,"BETALL17_HF_05","BETALL","17","BETALL17",5,7,4,"8_2",NA,"chill8","time2",NA,NA,"3","1","","DF",25,10,-6,10,3,1,53.4607334489438,28,NA,10,1
2,"BETALL17_HF_06","BETALL","17","BETALL17",6,4,5,"8_1",NA,"chill8","time1",NA,NA,"0","0","","TS",13,-2,-18,13,0,0,40.243854,NA,NA,NA,0
3,"BETALL17_HF_07","BETALL","17","BETALL17",7,6,7,"1_2",NA,"chill1","time2",NA,NA,"0","0","","DF",25,10,-6,10,0,0,45.4964798983769,17,NA,17,1
2,"BETALL17_HF_08","BETALL","17","BETALL17",8,4,4,"8_1",NA,"chill8","time1",NA,NA,"1","1","","TS",13,-2,-18,13,1,1,40.243854,NA,NA,36,0
2,"BETALL17_HF_09","BETALL","17","BETALL17",9,5,2,"1_2",NA,"chill1","time2",NA,NA,"0","0","","DF",25,10,-6,10,0,0,45.4964798983769,49,NA,27,1
3,"BETALL17_HF_10","BETALL","17","BETALL17",10,3,2,"4_1",NA,"chill4","time1",NA,NA,"0","0","","TS",13,-2,-18,13,0,0,40.243854,NA,NA,25,0
2,"BETALL17_HF_11","BETALL","17","BETALL17",11,3,9,"2_1",NA,"chill2","time1",NA,NA,"-","1","","TS",13,-2,-18,13,NA,1,40.243854,NA,NA,29,0
3,"BETALL17_HF_12","BETALL","17","BETALL17",12,5,3,"4_2",NA,"chill4","time2",NA,NA,"0","0","","DF",25,10,-6,10,0,0,51.3734415685938,NA,NA,21,0
2,"BETALL18_HF_01","BETALL","18","BETALL18",1,6,3,"1_2",NA,"chill1","time2",NA,NA,"0","0","","DF",25,10,-6,10,0,0,45.4964798983769,63,NA,38,1
3,"BETALL18_HF_02","BETALL","18","BETALL18",2,4,9,"2_3",NA,"chill2","time3",NA,NA,"0","0","","DF",36,21,5,5,0,0,60.2845385132397,39,NA,17,1
3,"BETALL18_HF_03","BETALL","18","BETALL18",3,7,3,"2_2",NA,"chill2","time2",NA,NA,"0","0","","DF",25,10,-6,10,0,0,49.8365118379173,49,NA,21,1
3,"BETALL18_HF_04","BETALL","18","BETALL18",4,4,1,"2_3",NA,"chill2","time3",NA,NA,"0","0","","DF",36,21,5,5,0,0,60.2845385132397,54,NA,22,1
3,"BETALL18_HF_05","BETALL","18","BETALL18",5,3,9,"8_1",NA,"chill8","time1",NA,NA,"1","1","","TS",13,-2,-18,13,1,1,40.243854,43,NA,32,1
2,"BETALL18_HF_06","BETALL","18","BETALL18",6,2,3,"1_1",NA,"chill1","time1",NA,NA,"-","1","","TS",13,-2,-18,13,NA,1,40.243854,NA,NA,36,0
3,"BETALL18_HF_07","BETALL","18","BETALL18",7,4,1,"8_1",NA,"chill8","time1",NA,NA,"1","1","","TS",13,-2,-18,13,1,1,40.243854,29,NA,29,1
3,"BETALL18_HF_08","BETALL","18","BETALL18",8,4,9,"8_1",NA,"chill8","time1",NA,NA,"1","1","","TS",13,-2,-18,13,1,1,40.243854,43,NA,32,1
2,"BETALL18_HF_09","BETALL","18","BETALL18",9,5,2,"4_2",NA,"chill4","time2",NA,NA,"0","0","","DF",25,10,-6,10,0,0,51.3734415685938,55,NA,21,1
2,"BETALL18_HF_10","BETALL","18","BETALL18",10,1,8,"1_3",NA,"chill1","time3",NA,NA,"0","0","","DF",36,21,5,5,0,0,51.7673318647914,39,NA,22,1
2,"BETALL18_HF_11","BETALL","18","BETALL18",11,1,3,"4_1",NA,"chill4","time1",NA,NA,"-","0","","TS",13,-2,-18,13,NA,0,40.243854,43,NA,25,1
3,"BETALL18_HF_12","BETALL","18","BETALL18",12,2,9,"4_1",NA,"chill4","time1",NA,NA,"-","1","","TS",13,-2,-18,13,NA,1,40.243854,43,NA,29,1
2,"BETALL19_HF_01","BETALL","19","BETALL19",1,1,7,"1_1",NA,"chill1","time1",NA,NA,"0","0","","TS",13,-2,-18,13,0,0,40.243854,NA,NA,39,0
2,"BETALL19_HF_02","BETALL","19","BETALL19",2,1,7,"4_3",NA,"chill4","time3",NA,NA,"0","0","","DF",36,21,5,5,0,0,63.0118829365783,54,NA,22,1
3,"BETALL19_HF_03","BETALL","19","BETALL19",3,1,2,"4_1",NA,"chill4","time1",NA,NA,"1","1","","TS",13,-2,-18,13,1,1,40.243854,43,NA,32,1
3,"BETALL19_HF_04","BETALL","19","BETALL19",4,3,4,"2_1",NA,"chill2","time1",NA,NA,"-","0","","TS",13,-2,-18,13,NA,0,40.243854,42,NA,29,1
3,"BETALL19_HF_05","BETALL","19","BETALL19",5,4,9,"8_3",NA,"chill8","time3",NA,NA,"0","0","","DF",36,21,5,5,0,0,66.678368297455,39,NA,8,1
3,"BETALL19_HF_06","BETALL","19","BETALL19",6,1,8,"4_1",NA,"chill4","time1",NA,NA,"-","0","","TS",13,-2,-18,13,NA,0,40.243854,39,NA,25,1
2,"BETALL19_HF_07","BETALL","19","BETALL19",7,8,7,"2_2",NA,"chill2","time2",NA,NA,"0","0","","DF",25,10,-6,10,0,0,49.8365118379173,52,NA,24,1
2,"BETALL19_HF_08","BETALL","19","BETALL19",8,2,6,"1_3",NA,"chill1","time3",NA,NA,"0","0","","DF",36,21,5,5,0,0,51.7673318647914,39,NA,22,1
2,"BETALL19_HF_09","BETALL","19","BETALL19",9,4,6,"8_1",NA,"chill8","time1",NA,NA,"1","1","","TS",13,-2,-18,13,1,1,40.243854,25,NA,25,1
3,"BETALL19_HF_10","BETALL","19","BETALL19",10,3,7,"2_3",NA,"chill2","time3",NA,NA,"0","0","","DF",36,21,5,5,0,0,60.2845385132397,39,NA,17,1
1,"BETALL19_HF_11","BETALL","19","BETALL19",11,8,1,"8_2",13,"chill8","time2",NA,NA,"0","0","","DF",25,10,-6,10,0,0,53.4607334489438,28,NA,24,1
3,"BETALL19_HF_12","BETALL","19","BETALL19",12,2,7,"1_1",NA,"chill1","time1",NA,NA,"1","1","","TS",13,-2,-18,13,1,1,40.243854,42,NA,29,1
NA,"BETALL20_HF_01","BETALL","20","BETALL20",1,5,4,"8_3",15,"chill8","time3",NA,NA,"0","0","","DF",36,21,5,5,0,0,66.678368297455,11,NA,11,1
3,"BETALL20_HF_02","BETALL","20","BETALL20",2,5,7,"1_2",NA,"chill1","time2",NA,NA,"0","0","","DF",25,10,-6,10,0,0,45.4964798983769,49,NA,27,1
2,"BETALL20_HF_03","BETALL","20","BETALL20",3,3,3,"2_1",NA,"chill2","time1",NA,NA,"0","0","","TS",13,-2,-18,13,0,0,40.243854,64,NA,36,1
2,"BETALL20_HF_04","BETALL","20","BETALL20",4,7,2,"8_2",NA,"chill8","time2",NA,NA,"0","0","","DF",25,10,-6,10,0,0,53.4607334489438,55,NA,24,1
2,"BETALL20_HF_05","BETALL","20","BETALL20",5,5,8,"4_2",NA,"chill4","time2",NA,NA,"0","0","","DF",25,10,-6,10,0,0,51.3734415685938,28,NA,28,1
3,"BETALL20_HF_06","BETALL","20","BETALL20",6,2,2,"4_3",NA,"chill4","time3",NA,NA,"0","0","","DF",36,21,5,5,0,0,63.0118829365783,61,NA,33,1
3,"BETALL20_HF_07","BETALL","20","BETALL20",7,5,4,"4_2",NA,"chill4","time2",NA,NA,"0","0","","DF",25,10,-6,10,0,0,51.3734415685938,NA,NA,NA,0
2,"BETALL20_HF_08","BETALL","20","BETALL20",8,3,6,"2_1",NA,"chill2","time1",NA,NA,"-","1","","TS",13,-2,-18,13,NA,1,40.243854,42,NA,36,1
3,"BETALL20_HF_09","BETALL","20","BETALL20",9,3,7,"8_1",NA,"chill8","time1",NA,NA,"0","0","","TS",13,-2,-18,13,0,0,40.243854,43,NA,39,1
1,"BETALL20_HF_10","BETALL","20","BETALL20",10,2,9,"1_3",4,"chill1","time3",NA,NA,"0","0","","DF",36,21,5,5,0,0,51.7673318647914,33,NA,17,1
3,"BETALL20_HF_11","BETALL","20","BETALL20",11,3,4,"2_3",NA,"chill2","time3",NA,NA,"0","0","","DF",36,21,5,5,0,0,60.2845385132397,47,NA,39,1
3,"BETALL20_HF_12","BETALL","20","BETALL20",12,2,1,"1_1",NA,"chill1","time1",NA,NA,"0","0","","TS",13,-2,-18,13,0,0,40.243854,42,NA,32,1
3,"BETALL22_HF_01","BETALL","22","BETALL22",1,3,6,"8_3",NA,"chill8","time3",NA,NA,"0","0","","DF",36,21,5,5,0,0,66.678368297455,47,NA,22,1
3,"BETALL22_HF_02","BETALL","22","BETALL22",2,5,3,"1_2",NA,"chill1","time2",NA,NA,"0","0","","DF",25,10,-6,10,0,0,45.4964798983769,52,NA,27,1
2,"BETALL22_HF_03","BETALL","22","BETALL22",3,2,9,"1_3",4,"chill1","time3",NA,NA,"0","0","","DF",36,21,5,5,0,0,51.7673318647914,39,NA,22,1
2,"BETALL22_HF_04","BETALL","22","BETALL22",4,7,10,"2_2",NA,"chill2","time2",NA,NA,"0","0","","DF",25,10,-6,10,0,0,49.8365118379173,49,NA,27,1
2,"BETALL22_HF_05","BETALL","22","BETALL22",5,7,4,"2_2",NA,"chill2","time2",NA,NA,"0","0","","DF",25,10,-6,10,0,0,49.8365118379173,63,NA,24,1
3,"BETALL22_HF_06","BETALL","22","BETALL22",6,8,3,"8_2",NA,"chill8","time2",NA,NA,"0","0","","DF",25,10,-6,10,0,0,53.4607334489438,28,NA,17,1
1,"BETALL22_HF_07","BETALL","22","BETALL22",7,2,1,"4_3",NA,"chill4","time3",NA,NA,"0","0","","DF",36,21,5,5,0,0,63.0118829365783,47,NA,33,1
3,"BETALL22_HF_08","BETALL","22","BETALL22",8,1,8,"1_1",NA,"chill1","time1",NA,NA,"0","0","","TS",13,-2,-18,13,0,0,40.243854,42,NA,29,1
1,"BETALL22_HF_09","BETALL","22","BETALL22",9,4,3,"8_3",NA,"chill8","time3",NA,NA,"0","0","","DF",36,21,5,5,0,0,66.678368297455,39,NA,17,1
3,"BETALL22_HF_10","BETALL","22","BETALL22",10,2,9,"4_3",NA,"chill4","time3",NA,NA,"0","0","","DF",36,21,5,5,0,0,63.0118829365783,47,NA,33,1
2,"BETALL22_HF_11","BETALL","22","BETALL22",11,4,7,"2_3",NA,"chill2","time3",NA,NA,"0","0","","DF",36,21,5,5,0,0,60.2845385132397,54,NA,33,1
3,"BETALL22_HF_12","BETALL","22","BETALL22",12,5,9,"4_2",NA,"chill4","time2",NA,NA,"0","0","","DF",25,10,-6,10,0,0,51.3734415685938,55,NA,38,1
3,"BETALLX1_HF_01","BETALL","X1","BETALLX1",1,8,4,"8_2",NA,"chill8","time2",NA,NA,"0","0","","DF",25,10,-6,10,0,0,53.4607334489438,28,NA,17,1
2,"BETALLX1_HF_02","BETALL","X1","BETALLX1",2,5,8,"1_2",NA,"chill1","time2",NA,NA,"0","0","","DF",25,10,-6,10,0,0,45.4964798983769,27,NA,21,1
2,"BETALLX1_HF_03","BETALL","X1","BETALLX1",3,1,3,"1_1",NA,"chill1","time1",NA,NA,"0","0","","TS",13,-2,-18,13,0,0,40.243854,42,NA,29,1
1,"BETALLX1_HF_04","BETALL","X1","BETALLX1",4,1,4,"4_3",NA,"chill4","time3",NA,NA,"0","0","","DF",36,21,5,5,0,0,63.0118829365783,33,NA,17,1
NA,"BETALLX1_HF_05","BETALL","X1","BETALLX1",5,5,5,"8_3",16,"chill8","time3",NA,NA,"0","0","","DF",36,21,5,5,0,0,66.678368297455,39,NA,17,1
2,"BETALLX1_HF_06","BETALL","X1","BETALLX1",6,2,8,"4_1",NA,"chill4","time1",NA,NA,"1","1","","TS",13,-2,-18,13,1,1,40.243854,43,NA,29,1
1,"BETALLX1_HF_07","BETALL","X1","BETALLX1",7,3,6,"8_1",NA,"chill8","time1",NA,NA,"0","0","","TS",13,-2,-18,13,0,0,40.243854,43,NA,29,1
2,"BETALLX1_HF_08","BETALL","X1","BETALLX1",8,3,8,"2_3",NA,"chill2","time3",NA,NA,"0","0","","DF",36,21,5,5,0,0,60.2845385132397,39,NA,17,1
2,"BETALLX1_HF_09","BETALL","X1","BETALLX1",9,2,1,"1_3",NA,"chill1","time3",NA,NA,"0","0","","DF",36,21,5,5,0,0,51.7673318647914,33,NA,17,1
1,"BETALLX1_HF_10","BETALL","X1","BETALLX1",10,8,6,"2_2",NA,"chill2","time2",NA,NA,"0","0","","DF",25,10,-6,10,0,0,49.8365118379173,27,NA,17,1
2,"BETALLX1_HF_11","BETALL","X1","BETALLX1",11,7,6,"2_2",NA,"chill2","time2",NA,NA,"0","0","","DF",25,10,-6,10,0,0,49.8365118379173,27,NA,17,1
3,"BETALLX1_HF_12","BETALL","X1","BETALLX1",12,6,1,"4_2",NA,"chill4","time2",NA,NA,"0","0","","DF",25,10,-6,10,0,0,51.3734415685938,28,NA,21,1
2,"BETALLX3_HF_01","BETALL","X3","BETALLX3",1,8,4,"2_2",NA,"chill2","time2",NA,NA,"0","0","","DF",25,10,-6,10,0,0,49.8365118379173,49,NA,27,1
2,"BETALLX3_HF_02","BETALL","X3","BETALLX3",2,3,4,"8_3",NA,"chill8","time3",NA,NA,"0","0","","DF",36,21,5,5,0,0,66.678368297455,39,NA,22,1
3,"BETALLX3_HF_03","BETALL","X3","BETALLX3",3,3,1,"2_3",NA,"chill2","time3",NA,NA,"0","0","","DF",36,21,5,5,0,0,60.2845385132397,39,NA,33,1
3,"BETALLX3_HF_04","BETALL","X3","BETALLX3",4,1,1,"1_3",NA,"chill1","time3",NA,NA,"0","0","","DF",36,21,5,5,0,0,51.7673318647914,39,NA,22,1
1,"BETALLX3_HF_05","BETALL","X3","BETALLX3",5,5,2,"1_2",NA,"chill1","time2",NA,NA,"0","0","","DF",25,10,-6,10,0,0,45.4964798983769,27,NA,24,1
1,"BETALLX3_HF_06","BETALL","X3","BETALLX3",6,2,7,"4_1",NA,"chill4","time1",NA,NA,"1","1","","TS",13,-2,-18,13,1,1,40.243854,43,NA,32,1
1,"BETALLX3_HF_07","BETALL","X3","BETALLX3",7,6,5,"4_2",9,"chill4","time2",NA,NA,"0","0","","DF",25,10,-6,10,0,0,51.3734415685938,55,NA,33,1
1,"BETALLX3_HF_08","BETALL","X3","BETALLX3",8,8,8,"8_2",NA,"chill8","time2",NA,NA,"0","0","","DF",25,10,-6,10,0,0,53.4607334489438,55,NA,38,1
2,"BETALLX3_HF_09","BETALL","X3","BETALLX3",9,7,8,"2_2",NA,"chill2","time2",NA,NA,"0","0","","DF",25,10,-6,10,0,0,49.8365118379173,27,NA,27,1
1,"BETALLX3_HF_10","BETALL","X3","BETALLX3",10,1,7,"4_3",NA,"chill4","time3",NA,NA,"0","0","","DF",36,21,5,5,0,0,63.0118829365783,39,NA,33,1
1,"BETALLX3_HF_11","BETALL","X3","BETALLX3",11,1,9,"1_3",NA,"chill1","time3",NA,NA,"0","0","","DF",36,21,5,5,0,0,51.7673318647914,54,NA,39,1
1,"BETALLX3_HF_12","BETALL","X3","BETALLX3",12,4,7,"8_3",NA,"chill8","time3",NA,NA,"0","0","","DF",36,21,5,5,0,0,66.678368297455,47,NA,17,1
3,"FAGGRA02_HF_01","FAGGRA","2","FAGGRA02",1,4,1,"2_1",NA,"chill2","time1",NA,NA,"0","0","","TS",13,-2,-18,13,0,0,40.243854,NA,NA,67,0
3,"FAGGRA02_HF_02","FAGGRA","2","FAGGRA02",2,2,7,"1_3",NA,"chill1","time3",NA,NA,"0","0","","DF",36,21,5,5,0,0,51.7673318647914,NA,NA,54,0
1,"FAGGRA02_HF_03","FAGGRA","2","FAGGRA02",3,5,8,"4_2",NA,"chill4","time2",NA,NA,"0","0","","DF",25,10,-6,10,0,0,51.3734415685938,70,NA,55,1
3,"FAGGRA02_HF_04","FAGGRA","2","FAGGRA02",4,7,5,"2_2",NA,"chill2","time2",NA,NA,"0","0","","DF",25,10,-6,10,0,0,49.8365118379173,NA,NA,NA,0
1,"FAGGRA02_HF_05","FAGGRA","2","FAGGRA02",5,4,6,"2_3",NA,"chill2","time3",NA,NA,"0","0","","DF",36,21,5,5,0,0,60.2845385132397,61,NA,47,1
3,"FAGGRA02_HF_06","FAGGRA","2","FAGGRA02",6,7,8,"8_2",NA,"chill8","time2",NA,NA,"0","0","","DF",25,10,-6,10,0,0,53.4607334489438,NA,NA,55,0
3,"FAGGRA02_HF_07","FAGGRA","2","FAGGRA02",7,2,4,"1_3",NA,"chill1","time3",NA,NA,"0","0","","DF",36,21,5,5,0,0,51.7673318647914,NA,NA,61,0
1,"FAGGRA02_HF_08","FAGGRA","2","FAGGRA02",8,1,9,"4_1",NA,"chill4","time1",NA,NA,"1","1","","TS",13,-2,-18,13,1,1,40.243854,NA,NA,78,0
3,"FAGGRA02_HF_09","FAGGRA","2","FAGGRA02",9,3,3,"8_1",NA,"chill8","time1",NA,NA,"1","1","","TS",13,-2,-18,13,1,1,40.243854,NA,NA,70,0
3,"FAGGRA02_HF_10","FAGGRA","2","FAGGRA02",10,5,1,"1_2",NA,"chill1","time2",NA,NA,"0","0","","DF",25,10,-6,10,0,0,45.4964798983769,NA,NA,63,0
2,"FAGGRA02_HF_11","FAGGRA","2","FAGGRA02",11,3,2,"8_3",NA,"chill8","time3",NA,NA,"0","0","","DF",36,21,5,5,0,0,66.678368297455,54,NA,47,1
2,"FAGGRA02_HF_12","FAGGRA","2","FAGGRA02",12,2,8,"4_3",NA,"chill4","time3",NA,NA,"0","0","","DF",36,21,5,5,0,0,63.0118829365783,NA,NA,NA,0
3,"FAGGRA03_HF_01","FAGGRA","3","FAGGRA03",1,3,8,"2_3",NA,"chill2","time3",NA,NA,"0","0","","DF",36,21,5,5,0,0,60.2845385132397,40,NA,40,1
3,"FAGGRA03_HF_02","FAGGRA","3","FAGGRA03",2,1,5,"1_1",NA,"chill1","time1",NA,NA,"0","0","","TS",13,-2,-18,13,0,0,40.243854,NA,NA,NA,0
1,"FAGGRA03_HF_03","FAGGRA","3","FAGGRA03",3,2,2,"1_1",NA,"chill1","time1",NA,NA,"1","1","","TS",13,-2,-18,13,1,1,40.243854,NA,NA,NA,0
3,"FAGGRA03_HF_04","FAGGRA","3","FAGGRA03",4,3,8,"8_3",NA,"chill8","time3",NA,NA,"0","0","","DF",36,21,5,5,0,0,66.678368297455,NA,NA,47,0
3,"FAGGRA03_HF_05","FAGGRA","3","FAGGRA03",5,7,2,"8_2",NA,"chill8","time2",NA,NA,"0","0","","DF",25,10,-6,10,0,0,53.4607334489438,NA,NA,38,0
1,"FAGGRA03_HF_06","FAGGRA","3","FAGGRA03",6,5,4,"4_2",NA,"chill4","time2",NA,NA,"0","0","","DF",25,10,-6,10,0,0,51.3734415685938,NA,NA,NA,0
3,"FAGGRA03_HF_07","FAGGRA","3","FAGGRA03",7,4,10,"8_3",NA,"chill8","time3",NA,NA,"0","0","","DF",36,21,5,5,0,0,66.678368297455,NA,NA,54,0
3,"FAGGRA03_HF_08","FAGGRA","3","FAGGRA03",8,3,9,"2_1",NA,"chill2","time1",NA,NA,"1","1","","TS",13,-2,-18,13,1,1,40.243854,NA,NA,25,0
3,"FAGGRA03_HF_09","FAGGRA","3","FAGGRA03",9,2,3,"4_3",NA,"chill4","time3",NA,NA,"0","0","","DF",36,21,5,5,0,0,63.0118829365783,54,NA,54,1
3,"FAGGRA03_HF_10","FAGGRA","3","FAGGRA03",10,1,1,"4_1",NA,"chill4","time1",NA,NA,"-","-","missing","TS",13,-2,-18,13,NA,NA,40.243854,NA,NA,NA,0
3,"FAGGRA03_HF_11","FAGGRA","3","FAGGRA03",11,1,4,"1_1",NA,"chill1","time1",NA,NA,"1","1","","TS",13,-2,-18,13,1,1,40.243854,NA,NA,78,0
2,"FAGGRA03_HF_12","FAGGRA","3","FAGGRA03",12,3,7,"2_1",NA,"chill2","time1",NA,NA,"1","1","","TS",13,-2,-18,13,1,1,40.243854,64,NA,64,1
3,"FAGGRA09_HF_01","FAGGRA","9","FAGGRA09",1,1,7,"4_1",NA,"chill4","time1",NA,NA,"1","1","","TS",13,-2,-18,13,1,1,40.243854,43,NA,43,1
3,"FAGGRA09_HF_02","FAGGRA","9","FAGGRA09",2,4,3,"8_1",NA,"chill8","time1",NA,NA,"0","0","","TS",13,-2,-18,13,0,0,40.243854,NA,NA,53,0
1,"FAGGRA09_HF_03","FAGGRA","9","FAGGRA09",3,2,2,"1_3",NA,"chill1","time3",NA,NA,"0","0","","DF",36,21,5,5,0,0,51.7673318647914,NA,NA,47,0
3,"FAGGRA09_HF_04","FAGGRA","9","FAGGRA09",4,1,2,"1_1",NA,"chill1","time1",NA,NA,"0","0","","TS",13,-2,-18,13,0,0,40.243854,64,NA,64,1
1,"FAGGRA09_HF_05","FAGGRA","9","FAGGRA09",5,3,1,"2_1",NA,"chill2","time1",NA,NA,"1","1","","TS",13,-2,-18,13,1,1,40.243854,64,NA,64,1
3,"FAGGRA09_HF_06","FAGGRA","9","FAGGRA09",6,5,2,"4_2",NA,"chill4","time2",NA,NA,"0","0","","DF",25,10,-6,10,0,0,51.3734415685938,55,NA,49,1
2,"FAGGRA09_HF_07","FAGGRA","9","FAGGRA09",7,1,9,"1_1",NA,"chill1","time1",NA,NA,"0","0","","TS",13,-2,-18,13,0,0,40.243854,53,NA,48,1
1,"FAGGRA09_HF_08","FAGGRA","9","FAGGRA09",8,4,6,"8_1",NA,"chill8","time1",NA,NA,"1","1","","TS",13,-2,-18,13,1,1,40.243854,70,NA,48,1
3,"FAGGRA09_HF_09","FAGGRA","9","FAGGRA09",9,4,7,"8_1",NA,"chill8","time1",NA,NA,"0","0","","TS",13,-2,-18,13,0,0,40.243854,NA,NA,70,0
3,"FAGGRA09_HF_10","FAGGRA","9","FAGGRA09",10,1,8,"4_3",NA,"chill4","time3",NA,NA,"0","0","","DF",36,21,5,5,0,0,63.0118829365783,47,NA,47,1
2,"FAGGRA09_HF_11","FAGGRA","9","FAGGRA09",11,8,3,"2_2",NA,"chill2","time2",NA,NA,"0","0","","DF",25,10,-6,10,0,0,49.8365118379173,63,NA,52,1
3,"FAGGRA09_HF_12","FAGGRA","9","FAGGRA09",12,3,8,"2_1",NA,"chill2","time1",NA,NA,"1","1","","TS",13,-2,-18,13,1,1,40.243854,64,NA,53,1
3,"FAGGRA10_HF_01","FAGGRA","10","FAGGRA10",1,6,4,"4_2",8,"chill4","time2",NA,NA,"0","0","","DF",25,10,-6,10,0,0,51.3734415685938,NA,NA,NA,0
1,"FAGGRA10_HF_02","FAGGRA","10","FAGGRA10",2,4,3,"2_1",NA,"chill2","time1",NA,NA,"0","0","","TS",13,-2,-18,13,0,0,40.243854,78,NA,64,1
1,"FAGGRA10_HF_03","FAGGRA","10","FAGGRA10",3,1,8,"1_3",NA,"chill1","time3",NA,NA,"0","0","","DF",36,21,5,5,0,0,51.7673318647914,54,NA,47,1
2,"FAGGRA10_HF_04","FAGGRA","10","FAGGRA10",4,3,3,"8_3",NA,"chill8","time3",NA,NA,"0","0","","DF",36,21,5,5,0,0,66.678368297455,54,NA,39,1
3,"FAGGRA10_HF_05","FAGGRA","10","FAGGRA10",5,1,5,"4_1",NA,"chill4","time1",NA,NA,"1","1","","TS",13,-2,-18,13,1,1,40.243854,NA,NA,64,0
2,"FAGGRA10_HF_06","FAGGRA","10","FAGGRA10",6,2,5,"4_3",NA,"chill4","time3",NA,NA,"0","0","","DF",36,21,5,5,0,0,63.0118829365783,47,NA,47,1
2,"FAGGRA10_HF_07","FAGGRA","10","FAGGRA10",7,5,2,"1_2",NA,"chill1","time2",NA,NA,"0","0","","DF",25,10,-6,10,0,0,45.4964798983769,NA,NA,NA,0
3,"FAGGRA10_HF_08","FAGGRA","10","FAGGRA10",8,3,8,"8_1",NA,"chill8","time1",NA,NA,"0","0","","TS",13,-2,-18,13,0,0,40.243854,64,NA,48,1
3,"FAGGRA10_HF_09","FAGGRA","10","FAGGRA10",9,7,4,"8_2",NA,"chill8","time2",NA,NA,"0","0","","DF",25,10,-6,10,0,0,53.4607334489438,38,NA,38,1
3,"FAGGRA10_HF_10","FAGGRA","10","FAGGRA10",10,2,9,"1_1",NA,"chill1","time1",NA,NA,"0","0","","TS",13,-2,-18,13,0,0,40.243854,64,NA,48,1
3,"FAGGRA10_HF_11","FAGGRA","10","FAGGRA10",11,4,4,"2_3",NA,"chill2","time3",NA,NA,"0","0","","DF",36,21,5,5,0,0,60.2845385132397,54,NA,39,1
3,"FAGGRA10_HF_12","FAGGRA","10","FAGGRA10",12,7,1,"2_2",NA,"chill2","time2",NA,NA,"0","0","","DF",25,10,-6,10,0,0,49.8365118379173,63,NA,63,1
3,"FAGGRA13_HF_01","FAGGRA","13","FAGGRA13",1,4,2,"8_1",NA,"chill8","time1",NA,NA,"1","1","","TS",13,-2,-18,13,1,1,40.243854,64,NA,32,1
2,"FAGGRA13_HF_02","FAGGRA","13","FAGGRA13",2,3,6,"8_3",NA,"chill8","time3",NA,NA,"0","0","","DF",36,21,5,5,0,0,66.678368297455,47,NA,33,1
3,"FAGGRA13_HF_03","FAGGRA","13","FAGGRA13",3,3,6,"2_1",NA,"chill2","time1",NA,NA,"1","-","","TS",13,-2,-18,13,1,NA,40.243854,53,NA,53,1
3,"FAGGRA13_HF_04","FAGGRA","13","FAGGRA13",4,3,6,"8_1",NA,"chill8","time1",NA,NA,"1","1","","TS",13,-2,-18,13,1,1,40.243854,70,NA,25,1
3,"FAGGRA13_HF_05","FAGGRA","13","FAGGRA13",5,5,2,"1_2",NA,"chill1","time2",NA,NA,"0","0","","DF",25,10,-6,10,0,0,45.4964798983769,38,NA,24,1
3,"FAGGRA13_HF_06","FAGGRA","13","FAGGRA13",6,1,9,"4_3",NA,"chill4","time3",NA,NA,"0","0","","DF",36,21,5,5,0,0,63.0118829365783,47,NA,39,1
3,"FAGGRA13_HF_07","FAGGRA","13","FAGGRA13",7,6,5,"4_2",9,"chill4","time2",NA,NA,"0","0","","DF",25,10,-6,10,0,0,51.3734415685938,55,NA,38,1
3,"FAGGRA13_HF_08","FAGGRA","13","FAGGRA13",8,4,7,"2_3",NA,"chill2","time3",NA,NA,"0","0","","DF",36,21,5,5,0,0,60.2845385132397,47,NA,39,1
3,"FAGGRA13_HF_09","FAGGRA","13","FAGGRA13",9,1,3,"4_3",NA,"chill4","time3",NA,NA,"0","0","","DF",36,21,5,5,0,0,63.0118829365783,47,NA,39,1
3,"FAGGRA13_HF_10","FAGGRA","13","FAGGRA13",10,6,3,"1_2",NA,"chill1","time2",NA,NA,"0","0","","DF",25,10,-6,10,0,0,45.4964798983769,NA,NA,38,0
3,"FAGGRA13_HF_11","FAGGRA","13","FAGGRA13",11,8,4,"2_2",NA,"chill2","time2",NA,NA,"0","0","","DF",25,10,-6,10,0,0,49.8365118379173,38,NA,33,1
3,"FAGGRA13_HF_12","FAGGRA","13","FAGGRA13",12,2,1,"1_3",NA,"chill1","time3",NA,NA,"0","0","","DF",36,21,5,5,0,0,51.7673318647914,NA,NA,NA,0
3,"FAGGRAX1_HF_01","FAGGRA","X1","FAGGRAX1",1,2,8,"1_1",NA,"chill1","time1",NA,NA,"0","0","","TS",13,-2,-18,13,0,0,40.243854,64,NA,64,1
3,"FAGGRAX1_HF_02","FAGGRA","X1","FAGGRAX1",2,5,6,"4_2",NA,"chill4","time2",NA,NA,"0","0","","DF",25,10,-6,10,0,0,51.3734415685938,55,NA,55,1
3,"FAGGRAX1_HF_03","FAGGRA","X1","FAGGRAX1",3,3,2,"2_3",NA,"chill2","time3",NA,NA,"0","0","","DF",36,21,5,5,0,0,60.2845385132397,47,NA,47,1
2,"FAGGRAX1_HF_04","FAGGRA","X1","FAGGRAX1",4,7,7,"2_2",NA,"chill2","time2",NA,NA,"0","0","","DF",25,10,-6,10,0,0,49.8365118379173,NA,NA,52,0
3,"FAGGRAX1_HF_05","FAGGRA","X1","FAGGRAX1",5,7,3,"8_2",NA,"chill8","time2",NA,NA,"0","0","","DF",25,10,-6,10,0,0,53.4607334489438,38,NA,38,1
3,"FAGGRAX1_HF_06","FAGGRA","X1","FAGGRAX1",6,4,5,"8_1",NA,"chill8","time1",NA,NA,"0","0","","TS",13,-2,-18,13,0,0,40.243854,NA,NA,NA,0
3,"FAGGRAX1_HF_07","FAGGRA","X1","FAGGRAX1",7,1,3,"4_1",NA,"chill4","time1",NA,NA,"0","0","","TS",13,-2,-18,13,0,0,40.243854,39,NA,39,1
3,"FAGGRAX1_HF_08","FAGGRA","X1","FAGGRAX1",8,3,9,"8_3",NA,"chill8","time3",NA,NA,"0","0","","DF",36,21,5,5,0,0,66.678368297455,47,NA,39,1
3,"FAGGRAX1_HF_09","FAGGRA","X1","FAGGRAX1",9,5,8,"1_2",NA,"chill1","time2",NA,NA,"0","0","","DF",25,10,-6,10,0,0,45.4964798983769,63,NA,49,1
1,"FAGGRAX1_HF_10","FAGGRA","X1","FAGGRAX1",10,2,6,"4_1",NA,"chill4","time1",NA,NA,"1","1","","TS",13,-2,-18,13,1,1,40.243854,70,NA,64,1
3,"FAGGRAX1_HF_11","FAGGRA","X1","FAGGRAX1",11,7,8,"2_2",NA,"chill2","time2",NA,NA,"0","0","","DF",25,10,-6,10,0,0,49.8365118379173,NA,NA,49,0
3,"FAGGRAX1_HF_12","FAGGRA","X1","FAGGRAX1",12,2,5,"1_3",NA,"chill1","time3",NA,NA,"0","0","","DF",36,21,5,5,0,0,51.7673318647914,47,NA,40,1
3,"FAGGRAX2_HF_01","FAGGRA","X2","FAGGRAX2",1,3,4,"8_3",NA,"chill8","time3",NA,NA,"0","0","","DF",36,21,5,5,0,0,66.678368297455,47,NA,39,1
3,"FAGGRAX2_HF_02","FAGGRA","X2","FAGGRAX2",2,3,4,"8_1",NA,"chill8","time1",NA,NA,"1","1","","TS",13,-2,-18,13,1,1,40.243854,64,NA,53,1
3,"FAGGRAX2_HF_03","FAGGRA","X2","FAGGRAX2",3,1,4,"4_1",NA,"chill4","time1",NA,NA,"1","1","","TS",13,-2,-18,13,1,1,40.243854,53,NA,53,1
1,"FAGGRAX2_HF_04","FAGGRA","X2","FAGGRAX2",4,4,8,"2_3",NA,"chill2","time3",NA,NA,"0","0","","DF",36,21,5,5,0,0,60.2845385132397,61,NA,47,1
3,"FAGGRAX2_HF_05","FAGGRA","X2","FAGGRAX2",5,6,3,"4_2",NA,"chill4","time2",NA,NA,"0","0","","DF",25,10,-6,10,0,0,51.3734415685938,55,NA,55,1
3,"FAGGRAX2_HF_06","FAGGRA","X2","FAGGRAX2",6,5,6,"1_2",NA,"chill1","time2",NA,NA,"0","0","","DF",25,10,-6,10,0,0,45.4964798983769,63,NA,49,1
2,"FAGGRAX2_HF_07","FAGGRA","X2","FAGGRAX2",7,8,8,"8_2",NA,"chill8","time2",NA,NA,"0","0","","DF",25,10,-6,10,0,0,53.4607334489438,49,NA,38,1
3,"FAGGRAX2_HF_08","FAGGRA","X2","FAGGRAX2",8,1,3,"1_1",NA,"chill1","time1",NA,NA,"1","1","","TS",13,-2,-18,13,1,1,40.243854,64,NA,64,1
1,"FAGGRAX2_HF_09","FAGGRA","X2","FAGGRAX2",9,3,2,"2_1",NA,"chill2","time1",NA,NA,"0","0","","TS",13,-2,-18,13,0,0,40.243854,64,NA,53,1
3,"FAGGRAX2_HF_10","FAGGRA","X2","FAGGRAX2",10,2,4,"4_3",NA,"chill4","time3",NA,NA,"0","0","","DF",36,21,5,5,0,0,63.0118829365783,47,NA,39,1
3,"FAGGRAX2_HF_11","FAGGRA","X2","FAGGRAX2",11,1,7,"1_1",NA,"chill1","time1",NA,NA,"0","0","","TS",13,-2,-18,13,0,0,40.243854,64,NA,64,1
1,"FAGGRAX2_HF_12","FAGGRA","X2","FAGGRAX2",12,8,7,"2_2",NA,"chill2","time2",NA,NA,"0","0","","DF",25,10,-6,10,0,0,49.8365118379173,NA,NA,38,0
2,"FAGGRAX3_HF_01","FAGGRA","X3","FAGGRAX3",1,2,4,"1_1",NA,"chill1","time1",NA,NA,"0","0","","TS",13,-2,-18,13,0,0,40.243854,64,NA,48,1
3,"FAGGRAX3_HF_02","FAGGRA","X3","FAGGRAX3",2,8,9,"8_2",NA,"chill8","time2",NA,NA,"0","0","","DF",25,10,-6,10,0,0,53.4607334489438,49,NA,28,1
3,"FAGGRAX3_HF_03","FAGGRA","X3","FAGGRAX3",3,2,8,"4_1",NA,"chill4","time1",NA,NA,"1","1","","TS",13,-2,-18,13,1,1,40.243854,43,NA,39,1
1,"FAGGRAX3_HF_04","FAGGRA","X3","FAGGRAX3",4,2,7,"1_1",NA,"chill1","time1",NA,NA,"1","1","","TS",13,-2,-18,13,1,1,40.243854,64,NA,42,1
1,"FAGGRAX3_HF_05","FAGGRA","X3","FAGGRAX3",5,1,5,"4_3",NA,"chill4","time3",NA,NA,"0","0","","DF",36,21,5,5,0,0,63.0118829365783,47,NA,39,1
2,"FAGGRAX3_HF_06","FAGGRA","X3","FAGGRAX3",6,8,7,"8_2",NA,"chill8","time2",NA,NA,"0","0","","DF",25,10,-6,10,0,0,53.4607334489438,28,NA,28,1
3,"FAGGRAX3_HF_07","FAGGRA","X3","FAGGRAX3",7,3,9,"2_3",NA,"chill2","time3",NA,NA,"0","0","","DF",36,21,5,5,0,0,60.2845385132397,47,NA,47,1
3,"FAGGRAX3_HF_08","FAGGRA","X3","FAGGRAX3",8,1,6,"4_1",NA,"chill4","time1",NA,NA,"1","1","","TS",13,-2,-18,13,1,1,40.243854,53,NA,43,1
3,"FAGGRAX3_HF_09","FAGGRA","X3","FAGGRAX3",9,2,3,"1_1",NA,"chill1","time1",NA,NA,"0","0","","TS",13,-2,-18,13,0,0,40.243854,78,NA,32,1
3,"FAGGRAX3_HF_10","FAGGRA","X3","FAGGRAX3",10,4,8,"8_3",NA,"chill8","time3",NA,NA,"0","0","","DF",36,21,5,5,0,0,66.678368297455,NA,NA,40,0
2,"FAGGRAX3_HF_11","FAGGRA","X3","FAGGRAX3",11,8,8,"2_2",NA,"chill2","time2",NA,NA,"0","0","","DF",25,10,-6,10,0,0,49.8365118379173,49,NA,38,1
3,"FAGGRAX3_HF_12","FAGGRA","X3","FAGGRAX3",12,3,2,"2_1",NA,"chill2","time1",NA,NA,"0","0","","TS",13,-2,-18,13,0,0,40.243854,53,NA,48,1
3,"HAMVIRX1_HF_01","HAMVIR","X1","HAMVIRX1",1,4,4,"2_1",NA,"chill2","time1",NA,NA,"0","0","","TS",13,-2,-18,13,0,0,40.243854,64,NA,64,1
2,"HAMVIRX1_HF_02","HAMVIR","X1","HAMVIRX1",2,3,7,"8_1",NA,"chill8","time1",NA,NA,"0","0","","TS",13,-2,-18,13,0,0,40.243854,53,NA,48,1
3,"HAMVIRX1_HF_03","HAMVIR","X1","HAMVIRX1",3,6,8,"1_2",NA,"chill1","time2",NA,NA,"0","0","","DF",25,10,-6,10,0,0,45.4964798983769,63,NA,49,1
2,"HAMVIRX1_HF_04","HAMVIR","X1","HAMVIRX1",4,1,2,"1_3",NA,"chill1","time3",NA,NA,"0","0","","DF",36,21,5,5,0,0,51.7673318647914,61,NA,61,1
2,"HAMVIRX1_HF_05","HAMVIR","X1","HAMVIRX1",5,8,6,"2_2",NA,"chill2","time2",NA,NA,"0","0","","DF",25,10,-6,10,0,0,49.8365118379173,63,NA,49,1
NA,"HAMVIRX1_HF_06","HAMVIR","X1","HAMVIRX1",6,5,1,"8_2",12,"chill8","time2",NA,NA,"0","0","","DF",25,10,-6,10,0,0,53.4607334489438,55,NA,49,1
3,"HAMVIRX1_HF_07","HAMVIR","X1","HAMVIRX1",7,6,2,"4_2",NA,"chill4","time2",NA,NA,"0","0","","DF",25,10,-6,10,0,0,51.3734415685938,55,NA,49,1
2,"HAMVIRX1_HF_08","HAMVIR","X1","HAMVIRX1",8,1,8,"1_1",NA,"chill1","time1",NA,NA,"0","0","","TS",13,-2,-18,13,0,0,40.243854,64,NA,53,1
1,"HAMVIRX1_HF_09","HAMVIR","X1","HAMVIRX1",9,3,5,"2_1",NA,"chill2","time1",NA,NA,"0","0","","TS",13,-2,-18,13,0,0,40.243854,78,NA,64,1
3,"HAMVIRX1_HF_10","HAMVIR","X1","HAMVIRX1",10,4,3,"8_3",NA,"chill8","time3",NA,NA,"0","0","","DF",36,21,5,5,0,0,66.678368297455,54,NA,47,1
1,"HAMVIRX1_HF_11","HAMVIR","X1","HAMVIRX1",11,2,5,"4_3",NA,"chill4","time3",NA,NA,"0","0","","DF",36,21,5,5,0,0,63.0118829365783,54,NA,54,1
2,"HAMVIRX1_HF_12","HAMVIR","X1","HAMVIRX1",12,5,7,"4_2",NA,"chill4","time2",NA,NA,"0","0","","DF",25,10,-6,10,0,0,51.3734415685938,70,NA,55,1
2,"HAMVIRX2_HF_01","HAMVIR","X2","HAMVIRX2",1,1,4,"1_1",NA,"chill1","time1",NA,NA,"0","0","","TS",13,-2,-18,13,0,0,40.243854,78,NA,64,1
NA,"HAMVIRX2_HF_02","HAMVIR","X2","HAMVIRX2",2,4,8,"1_2",1,"chill1","time2",NA,NA,"0","0","","DF",25,10,-6,10,0,0,45.4964798983769,63,NA,63,1
2,"HAMVIRX2_HF_03","HAMVIR","X2","HAMVIRX2",3,3,9,"8_3",NA,"chill8","time3",NA,NA,"0","0","","DF",36,21,5,5,0,0,66.678368297455,39,NA,33,1
3,"HAMVIRX2_HF_04","HAMVIR","X2","HAMVIRX2",4,1,5,"1_3",NA,"chill1","time3",NA,NA,"0","0","","DF",36,21,5,5,0,0,51.7673318647914,54,NA,47,1
2,"HAMVIRX2_HF_05","HAMVIR","X2","HAMVIRX2",5,7,8,"8_2",NA,"chill8","time2",NA,NA,"0","0","","DF",25,10,-6,10,0,0,53.4607334489438,55,NA,49,1
2,"HAMVIRX2_HF_06","HAMVIR","X2","HAMVIRX2",6,2,9,"4_1",NA,"chill4","time1",NA,NA,"0","0","","TS",13,-2,-18,13,0,0,40.243854,78,NA,70,1
2,"HAMVIRX2_HF_07","HAMVIR","X2","HAMVIRX2",7,3,1,"2_1",NA,"chill2","time1",NA,NA,"0","0","","TS",13,-2,-18,13,0,0,40.243854,64,NA,64,1
2,"HAMVIRX2_HF_08","HAMVIR","X2","HAMVIRX2",8,4,3,"8_1",NA,"chill8","time1",NA,NA,"0","0","","TS",13,-2,-18,13,0,0,40.243854,53,NA,48,1
3,"HAMVIRX2_HF_09","HAMVIR","X2","HAMVIRX2",9,8,3,"2_2",NA,"chill2","time2",NA,NA,"0","0","","DF",25,10,-6,10,0,0,49.8365118379173,63,NA,52,1
2,"HAMVIRX2_HF_10","HAMVIR","X2","HAMVIRX2",10,3,7,"2_3",NA,"chill2","time3",NA,NA,"0","0","","DF",36,21,5,5,0,0,60.2845385132397,39,NA,39,1
2,"HAMVIRX2_HF_11","HAMVIR","X2","HAMVIRX2",11,1,9,"4_3",NA,"chill4","time3",NA,NA,"0","0","","DF",36,21,5,5,0,0,63.0118829365783,39,NA,39,1
3,"HAMVIRX2_HF_12","HAMVIR","X2","HAMVIRX2",12,2,6,"4_1",NA,"chill4","time1",NA,NA,"0","0","","TS",13,-2,-18,13,0,0,40.243854,NA,NA,NA,0
3,"HAMVIRX3_HF_01","HAMVIR","X3","HAMVIRX3",1,8,7,"2_2",NA,"chill2","time2",NA,NA,"0","0","","DF",25,10,-6,10,0,0,49.8365118379173,63,NA,63,1
1,"HAMVIRX3_HF_02","HAMVIR","X3","HAMVIRX3",2,3,4,"8_1",NA,"chill8","time1",NA,NA,"0","0","","TS",13,-2,-18,13,0,0,40.243854,64,NA,64,1
3,"HAMVIRX3_HF_03","HAMVIR","X3","HAMVIRX3",3,7,4,"2_2",NA,"chill2","time2",NA,NA,"0","0","","DF",25,10,-6,10,0,0,49.8365118379173,63,NA,63,1
2,"HAMVIRX3_HF_04","HAMVIR","X3","HAMVIRX3",4,1,4,"4_1",NA,"chill4","time1",NA,NA,"0","0","","TS",13,-2,-18,13,0,0,40.243854,70,NA,64,1
2,"HAMVIRX3_HF_05","HAMVIR","X3","HAMVIRX3",5,3,2,"2_3",NA,"chill2","time3",NA,NA,"0","0","","DF",36,21,5,5,0,0,60.2845385132397,54,NA,47,1
2,"HAMVIRX3_HF_06","HAMVIR","X3","HAMVIRX3",6,1,2,"1_1",NA,"chill1","time1",NA,NA,"0","0","","TS",13,-2,-18,13,0,0,40.243854,64,NA,48,1
2,"HAMVIRX3_HF_07","HAMVIR","X3","HAMVIRX3",7,3,1,"4_3",NA,"chill4","time3",NA,NA,"0","0","","DF",36,21,5,5,0,0,63.0118829365783,61,NA,54,1
2,"HAMVIRX3_HF_08","HAMVIR","X3","HAMVIRX3",8,2,10,"1_3",3,"chill1","time3",NA,NA,"0","0","","DF",36,21,5,5,0,0,51.7673318647914,39,NA,39,1
3,"HAMVIRX3_HF_09","HAMVIR","X3","HAMVIRX3",9,3,5,"8_3",NA,"chill8","time3",NA,NA,"0","0","","DF",36,21,5,5,0,0,66.678368297455,54,NA,47,1
1,"HAMVIRX3_HF_10","HAMVIR","X3","HAMVIRX3",10,7,2,"8_2",NA,"chill8","time2",NA,NA,"0","0","","DF",25,10,-6,10,0,0,53.4607334489438,55,NA,49,1
3,"HAMVIRX3_HF_11","HAMVIR","X3","HAMVIRX3",11,6,5,"4_2",9,"chill4","time2",NA,NA,"0","0","","DF",25,10,-6,10,0,0,51.3734415685938,49,NA,49,1
3,"HAMVIRX3_HF_12","HAMVIR","X3","HAMVIRX3",12,5,5,"1_2",NA,"chill1","time2",NA,NA,"0","0","","DF",25,10,-6,10,0,0,45.4964798983769,63,NA,63,1
NA,"HAMVIRX4_HF_01","HAMVIR","X4","HAMVIRX4",1,5,4,"8_3",15,"chill8","time3",NA,NA,"0","0","","DF",36,21,5,5,0,0,66.678368297455,NA,NA,NA,0
3,"HAMVIRX4_HF_02","HAMVIR","X4","HAMVIRX4",2,4,6,"2_1",NA,"chill2","time1",69,69,"0","0","","TS",13,-2,-18,13,0,0,40.243854,NA,13,85,0
2,"HAMVIRX4_HF_03","HAMVIR","X4","HAMVIRX4",3,8,5,"8_2",NA,"chill8","time2",NA,NA,"0","0","","DF",25,10,-6,10,0,0,53.4607334489438,NA,NA,NA,0
2,"HAMVIRX4_HF_04","HAMVIR","X4","HAMVIRX4",4,1,3,"4_3",NA,"chill4","time3",NA,NA,"0","0","","DF",36,21,5,5,0,0,63.0118829365783,61,NA,54,1
1,"HAMVIRX4_HF_05","HAMVIR","X4","HAMVIRX4",5,4,7,"2_3",NA,"chill2","time3",19,NA,"0","0","","DF",36,21,5,5,0,0,60.2845385132397,61,8,61,1
1,"HAMVIRX4_HF_06","HAMVIR","X4","HAMVIRX4",6,8,9,"2_2",5,"chill2","time2",NA,NA,"0","0","","DF",25,10,-6,10,0,0,49.8365118379173,63,NA,63,1
2,"HAMVIRX4_HF_07","HAMVIR","X4","HAMVIRX4",7,2,5,"1_3",NA,"chill1","time3",NA,NA,"0","0","","DF",36,21,5,5,0,0,51.7673318647914,61,NA,54,1
3,"HAMVIRX4_HF_08","HAMVIR","X4","HAMVIRX4",8,2,2,"4_1",NA,"chill4","time1",NA,69,"0","0","","TS",13,-2,-18,13,0,0,40.243854,70,32,32,1
3,"HAMVIRX4_HF_09","HAMVIR","X4","HAMVIRX4",9,5,5,"4_2",NA,"chill4","time2",NA,NA,"0","0","","DF",25,10,-6,10,0,0,51.3734415685938,70,NA,63,1
1,"HAMVIRX4_HF_10","HAMVIR","X4","HAMVIRX4",10,5,8,"1_2",NA,"chill1","time2",19,19,"0","0","","DF",25,10,-6,10,0,0,45.4964798983769,63,10,52,1
2,"HAMVIRX4_HF_11","HAMVIR","X4","HAMVIRX4",11,4,9,"8_1",NA,"chill8","time1",NA,NA,"0","0","","TS",13,-2,-18,13,0,0,40.243854,78,NA,78,1
3,"HAMVIRX4_HF_12","HAMVIR","X4","HAMVIRX4",12,1,1,"1_1",NA,"chill1","time1",NA,NA,"0","0","","TS",13,-2,-18,13,0,0,40.243854,78,NA,64,1
1,"HAMVIRX5_HF_01","HAMVIR","X5","HAMVIRX5",1,1,6,"1_1",NA,"chill1","time1",NA,NA,"0","0","","TS",13,-2,-18,13,0,0,40.243854,53,NA,48,1
2,"HAMVIRX5_HF_02","HAMVIR","X5","HAMVIRX5",2,7,3,"2_2",NA,"chill2","time2",NA,NA,"0","0","","DF",25,10,-6,10,0,0,49.8365118379173,52,NA,49,1
2,"HAMVIRX5_HF_03","HAMVIR","X5","HAMVIRX5",3,2,3,"4_1",NA,"chill4","time1",NA,NA,"0","0","","TS",13,-2,-18,13,0,0,40.243854,64,NA,53,1
2,"HAMVIRX5_HF_04","HAMVIR","X5","HAMVIRX5",4,2,8,"1_1",NA,"chill1","time1",NA,NA,"0","0","","TS",13,-2,-18,13,0,0,40.243854,53,NA,48,1
3,"HAMVIRX5_HF_05","HAMVIR","X5","HAMVIRX5",5,1,1,"4_3",NA,"chill4","time3",NA,NA,"0","0","","DF",36,21,5,5,0,0,63.0118829365783,33,NA,33,1
2,"HAMVIRX5_HF_06","HAMVIR","X5","HAMVIRX5",6,4,10,"2_3",7,"chill2","time3",NA,NA,"0","0","","DF",36,21,5,5,0,0,60.2845385132397,NA,NA,NA,0
1,"HAMVIRX5_HF_07","HAMVIR","X5","HAMVIRX5",7,1,3,"1_3",NA,"chill1","time3",NA,NA,"0","0","","DF",36,21,5,5,0,0,51.7673318647914,54,NA,47,1
1,"HAMVIRX5_HF_08","HAMVIR","X5","HAMVIRX5",8,4,7,"2_1",NA,"chill2","time1",NA,69,"0","0","","TS",13,-2,-18,13,0,0,40.243854,64,NA,64,1
3,"HAMVIRX5_HF_09","HAMVIR","X5","HAMVIRX5",9,8,7,"8_2",NA,"chill8","time2",NA,NA,"0","0","","DF",25,10,-6,10,0,0,53.4607334489438,55,NA,49,1
2,"HAMVIRX5_HF_10","HAMVIR","X5","HAMVIRX5",10,7,9,"8_2",NA,"chill8","time2",NA,NA,"0","0","","DF",25,10,-6,10,0,0,53.4607334489438,49,NA,33,1
1,"HAMVIRX5_HF_11","HAMVIR","X5","HAMVIRX5",11,3,2,"8_3",NA,"chill8","time3",NA,NA,"0","0","","DF",36,21,5,5,0,0,66.678368297455,33,NA,33,1
1,"HAMVIRX5_HF_12","HAMVIR","X5","HAMVIRX5",12,6,6,"4_2",10,"chill4","time2",NA,NA,"0","0","","DF",25,10,-6,10,0,0,51.3734415685938,55,NA,49,1
3,"HAMVIRX6_HF_01","HAMVIR","X6","HAMVIRX6",1,2,4,"4_1",NA,"chill4","time1",NA,NA,"0","0","","TS",13,-2,-18,13,0,0,40.243854,70,NA,64,1
2,"HAMVIRX6_HF_02","HAMVIR","X6","HAMVIRX6",2,1,7,"1_3",NA,"chill1","time3",NA,NA,"0","0","","DF",36,21,5,5,0,0,51.7673318647914,54,NA,54,1
1,"HAMVIRX6_HF_03","HAMVIR","X6","HAMVIRX6",3,5,2,"1_2",NA,"chill1","time2",NA,NA,"0","0","","DF",25,10,-6,10,0,0,45.4964798983769,63,NA,63,1
3,"HAMVIRX6_HF_04","HAMVIR","X6","HAMVIRX6",4,7,10,"2_2",NA,"chill2","time2",NA,NA,"0","0","","DF",25,10,-6,10,0,0,49.8365118379173,49,NA,49,1
1,"HAMVIRX6_HF_05","HAMVIR","X6","HAMVIRX6",5,3,3,"8_1",NA,"chill8","time1",NA,NA,"0","0","","TS",13,-2,-18,13,0,0,40.243854,64,NA,64,1
2,"HAMVIRX6_HF_06","HAMVIR","X6","HAMVIRX6",6,3,4,"2_1",NA,"chill2","time1",NA,NA,"0","0","","TS",13,-2,-18,13,0,0,40.243854,53,NA,48,1
3,"HAMVIRX6_HF_07","HAMVIR","X6","HAMVIRX6",7,5,1,"4_2",NA,"chill4","time2",19,19,"0","0","","DF",25,10,-6,10,0,0,51.3734415685938,63,10,63,1
1,"HAMVIRX6_HF_08","HAMVIR","X6","HAMVIRX6",8,8,6,"8_2",NA,"chill8","time2",NA,NA,"0","0","","DF",25,10,-6,10,0,0,53.4607334489438,70,NA,63,1
3,"HAMVIRX6_HF_09","HAMVIR","X6","HAMVIRX6",9,3,5,"2_3",NA,"chill2","time3",NA,NA,"0","0","","DF",36,21,5,5,0,0,60.2845385132397,NA,NA,NA,0
2,"HAMVIRX6_HF_10","HAMVIR","X6","HAMVIRX6",10,5,1,"1_2",NA,"chill1","time2",NA,NA,"0","0","","DF",25,10,-6,10,0,0,45.4964798983769,70,NA,63,1
2,"HAMVIRX6_HF_11","HAMVIR","X6","HAMVIRX6",11,4,8,"8_3",NA,"chill8","time3",NA,NA,"0","0","","DF",36,21,5,5,0,0,66.678368297455,47,NA,40,1
3,"HAMVIRX6_HF_12","HAMVIR","X6","HAMVIRX6",12,2,5,"4_1",NA,"chill4","time1",NA,NA,"0","0","","TS",13,-2,-18,13,0,0,40.243854,85,NA,70,1
2,"HAMVIRX7_HF_01","HAMVIR","X7","HAMVIRX7",1,1,5,"4_1",NA,"chill4","time1",NA,NA,"0","0","","TS",13,-2,-18,13,0,0,40.243854,64,NA,64,1
3,"HAMVIRX7_HF_02","HAMVIR","X7","HAMVIRX7",2,4,5,"8_3",NA,"chill8","time3",NA,NA,"0","0","","DF",36,21,5,5,0,0,66.678368297455,54,NA,47,1
3,"HAMVIRX7_HF_03","HAMVIR","X7","HAMVIRX7",3,4,3,"2_3",NA,"chill2","time3",NA,NA,"0","0","","DF",36,21,5,5,0,0,60.2845385132397,61,NA,54,1
3,"HAMVIRX7_HF_04","HAMVIR","X7","HAMVIRX7",4,7,5,"8_2",NA,"chill8","time2",NA,NA,"0","0","","DF",25,10,-6,10,0,0,53.4607334489438,49,NA,49,1
2,"HAMVIRX7_HF_05","HAMVIR","X7","HAMVIRX7",5,8,2,"2_2",NA,"chill2","time2",NA,NA,"0","0","","DF",25,10,-6,10,0,0,49.8365118379173,63,NA,49,1
1,"HAMVIRX7_HF_06","HAMVIR","X7","HAMVIRX7",6,6,7,"4_2",11,"chill4","time2",NA,NA,"0","0","","DF",25,10,-6,10,0,0,51.3734415685938,55,NA,49,1
2,"HAMVIRX7_HF_07","HAMVIR","X7","HAMVIRX7",7,4,4,"2_3",NA,"chill2","time3",NA,NA,"0","0","","DF",36,21,5,5,0,0,60.2845385132397,54,NA,54,1
2,"HAMVIRX7_HF_08","HAMVIR","X7","HAMVIRX7",8,2,1,"4_3",NA,"chill4","time3",NA,NA,"0","0","","DF",36,21,5,5,0,0,63.0118829365783,39,NA,33,1
2,"HAMVIRX7_HF_09","HAMVIR","X7","HAMVIRX7",9,1,1,"1_3",NA,"chill1","time3",NA,NA,"0","0","","DF",36,21,5,5,0,0,51.7673318647914,54,NA,47,1
2,"HAMVIRX7_HF_10","HAMVIR","X7","HAMVIRX7",10,2,9,"1_1",NA,"chill1","time1",NA,NA,"0","0","","TS",13,-2,-18,13,0,0,40.243854,64,NA,53,1
2,"HAMVIRX7_HF_11","HAMVIR","X7","HAMVIRX7",11,7,3,"8_2",NA,"chill8","time2",NA,NA,"0","0","","DF",25,10,-6,10,0,0,53.4607334489438,49,NA,49,1
3,"HAMVIRX7_HF_12","HAMVIR","X7","HAMVIRX7",12,6,4,"1_2",NA,"chill1","time2",NA,NA,"0","0","","DF",25,10,-6,10,0,0,45.4964798983769,63,NA,49,1
3,"HAMVIRX8_HF_01","HAMVIR","X8","HAMVIRX8",1,4,4,"8_3",NA,"chill8","time3",NA,NA,"0","0","","DF",36,21,5,5,0,0,66.678368297455,33,NA,33,1
2,"HAMVIRX8_HF_02","HAMVIR","X8","HAMVIRX8",2,4,9,"2_3",NA,"chill2","time3",NA,NA,"0","0","","DF",36,21,5,5,0,0,60.2845385132397,61,NA,54,1
3,"HAMVIRX8_HF_03","HAMVIR","X8","HAMVIRX8",3,8,5,"2_2",NA,"chill2","time2",NA,NA,"0","0","","DF",25,10,-6,10,0,0,49.8365118379173,70,NA,70,1
1,"HAMVIRX8_HF_04","HAMVIR","X8","HAMVIRX8",4,1,6,"1_3",NA,"chill1","time3",NA,NA,"0","0","","DF",36,21,5,5,0,0,51.7673318647914,39,NA,39,1
3,"HAMVIRX8_HF_05","HAMVIR","X8","HAMVIRX8",5,4,8,"8_1",NA,"chill8","time1",NA,NA,"0","0","","TS",13,-2,-18,13,0,0,40.243854,78,NA,70,1
2,"HAMVIRX8_HF_06","HAMVIR","X8","HAMVIRX8",6,5,5,"1_2",NA,"chill1","time2",NA,NA,"0","0","","DF",25,10,-6,10,0,0,45.4964798983769,63,NA,52,1
1,"HAMVIRX8_HF_07","HAMVIR","X8","HAMVIRX8",7,7,6,"2_2",NA,"chill2","time2",NA,NA,"0","0","","DF",25,10,-6,10,0,0,49.8365118379173,NA,NA,NA,0
2,"HAMVIRX8_HF_08","HAMVIR","X8","HAMVIRX8",8,6,3,"4_2",NA,"chill4","time2",NA,NA,"0","0","","DF",25,10,-6,10,0,0,51.3734415685938,55,NA,49,1
3,"HAMVIRX8_HF_09","HAMVIR","X8","HAMVIRX8",9,2,2,"1_1",NA,"chill1","time1",NA,NA,"0","0","","TS",13,-2,-18,13,0,0,40.243854,85,NA,78,1
3,"HAMVIRX8_HF_10","HAMVIR","X8","HAMVIRX8",10,2,1,"4_1",NA,"chill4","time1",NA,NA,"0","0","","TS",13,-2,-18,13,0,0,40.243854,NA,NA,32,0
3,"HAMVIRX8_HF_11","HAMVIR","X8","HAMVIRX8",11,3,1,"4_1",NA,"chill4","time1",NA,NA,"0","0","","TS",13,-2,-18,13,0,0,40.243854,64,NA,64,1
2,"HAMVIRX8_HF_12","HAMVIR","X8","HAMVIRX8",12,8,1,"8_2",13,"chill8","time2",NA,NA,"0","0","","DF",25,10,-6,10,0,0,53.4607334489438,55,NA,49,1
1,"ILEMUC03_HF_01","ILEMUC","3","ILEMUC03",1,7,8,"8_2",NA,"chill8","time2",NA,NA,"0","0","","DF",25,10,-6,10,0,0,53.4607334489438,17,NA,14,1
1,"ILEMUC03_HF_02","ILEMUC","3","ILEMUC03",2,3,9,"8_1",NA,"chill8","time1",NA,NA,"0","0","","TS",13,-2,-18,13,0,0,40.243854,29,32,29,1
2,"ILEMUC03_HF_03","ILEMUC","3","ILEMUC03",3,4,1,"2_3",NA,"chill2","time3",NA,NA,"0","0","","DF",36,21,5,5,0,0,60.2845385132397,22,33,17,1
2,"ILEMUC03_HF_04","ILEMUC","3","ILEMUC03",4,5,5,"1_2",NA,"chill1","time2",NA,NA,"0","0","","DF",25,10,-6,10,0,0,45.4964798983769,24,NA,17,1
2,"ILEMUC03_HF_05","ILEMUC","3","ILEMUC03",5,1,2,"4_1",NA,"chill4","time1",NA,NA,"0","0","","TS",13,-2,-18,13,0,0,40.243854,25,43,25,1
2,"ILEMUC03_HF_06","ILEMUC","3","ILEMUC03",6,5,5,"4_2",NA,"chill4","time2",NA,NA,"0","0","","DF",25,10,-6,10,0,0,51.3734415685938,21,28,14,1
3,"ILEMUC03_HF_07","ILEMUC","3","ILEMUC03",7,4,5,"2_1",NA,"chill2","time1",NA,NA,"0","0","","TS",13,-2,-18,13,0,0,40.243854,29,NA,25,1
3,"ILEMUC03_HF_08","ILEMUC","3","ILEMUC03",8,1,9,"1_3",NA,"chill1","time3",NA,NA,"0","0","","DF",36,21,5,5,0,0,51.7673318647914,22,22,11,1
2,"ILEMUC03_HF_09","ILEMUC","3","ILEMUC03",9,2,5,"1_1",NA,"chill1","time1",NA,NA,"0","0","","TS",13,-2,-18,13,0,0,40.243854,25,29,25,1
1,"ILEMUC03_HF_10","ILEMUC","3","ILEMUC03",10,1,1,"4_1",NA,"chill4","time1",NA,NA,"0","0","","TS",13,-2,-18,13,0,0,40.243854,25,32,25,1
2,"ILEMUC03_HF_11","ILEMUC","3","ILEMUC03",11,4,7,"8_3",NA,"chill8","time3",NA,NA,"1","3","aromel..","DF",36,21,5,5,1,3,66.678368297455,11,NA,5,1
2,"ILEMUC03_HF_12","ILEMUC","3","ILEMUC03",12,3,2,"2_1",NA,"chill2","time1",NA,NA,"0","0","","TS",13,-2,-18,13,0,0,40.243854,25,32,25,1
1,"ILEMUC07_HF_01","ILEMUC","7","ILEMUC07",1,3,9,"2_3",NA,"chill2","time3",NA,NA,"0","0","","DF",36,21,5,5,0,0,60.2845385132397,22,NA,17,1
2,"ILEMUC07_HF_02","ILEMUC","7","ILEMUC07",2,2,6,"4_3",NA,"chill4","time3",NA,NA,"0","0","","DF",36,21,5,5,0,0,63.0118829365783,22,NA,17,1
2,"ILEMUC07_HF_03","ILEMUC","7","ILEMUC07",3,2,4,"4_1",NA,"chill4","time1",NA,NA,"0","0","","TS",13,-2,-18,13,0,0,40.243854,29,NA,29,1
1,"ILEMUC07_HF_04","ILEMUC","7","ILEMUC07",4,1,2,"1_1",NA,"chill1","time1",NA,NA,"0","0","","TS",13,-2,-18,13,0,0,40.243854,25,NA,25,1
1,"ILEMUC07_HF_05","ILEMUC","7","ILEMUC07",5,6,6,"1_2",NA,"chill1","time2",NA,NA,"0","0","","DF",25,10,-6,10,0,0,45.4964798983769,24,NA,17,1
NA,"ILEMUC07_HF_06","ILEMUC","7","ILEMUC07",6,7,10,"8_2",14,"chill8","time2",NA,NA,"3","3","","DF",25,10,-6,10,3,3,53.4607334489438,17,NA,10,1
1,"ILEMUC07_HF_07","ILEMUC","7","ILEMUC07",7,3,6,"8_3",NA,"chill8","time3",NA,NA,"3","3","aromel..","DF",36,21,5,5,3,3,66.678368297455,11,NA,5,1
2,"ILEMUC07_HF_08","ILEMUC","7","ILEMUC07",8,8,1,"2_2",NA,"chill2","time2",NA,NA,"0","0","","DF",25,10,-6,10,0,0,49.8365118379173,27,27,17,1
1,"ILEMUC07_HF_09","ILEMUC","7","ILEMUC07",9,3,3,"2_1",NA,"chill2","time1",NA,NA,"0","0","","TS",13,-2,-18,13,0,0,40.243854,25,42,25,1
3,"ILEMUC07_HF_10","ILEMUC","7","ILEMUC07",10,1,3,"1_3",NA,"chill1","time3",NA,NA,"0","0","","DF",36,21,5,5,0,0,51.7673318647914,17,NA,17,1
2,"ILEMUC07_HF_11","ILEMUC","7","ILEMUC07",11,4,10,"8_3",NA,"chill8","time3",NA,NA,"0","0","","DF",36,21,5,5,0,0,66.678368297455,11,NA,8,1
1,"ILEMUC07_HF_12","ILEMUC","7","ILEMUC07",12,2,3,"4_1",NA,"chill4","time1",NA,NA,"0","0","","TS",13,-2,-18,13,0,0,40.243854,29,NA,29,1
2,"ILEMUC08_HF_01","ILEMUC","8","ILEMUC08",1,7,6,"8_2",NA,"chill8","time2",NA,NA,"0","0","","DF",25,10,-6,10,0,0,53.4607334489438,21,21,14,1
1,"ILEMUC08_HF_02","ILEMUC","8","ILEMUC08",2,8,4,"2_2",NA,"chill2","time2",NA,NA,"0","0","","DF",25,10,-6,10,0,0,49.8365118379173,27,27,17,1
2,"ILEMUC08_HF_03","ILEMUC","8","ILEMUC08",3,1,6,"4_1",NA,"chill4","time1",NA,NA,"0","0","","TS",13,-2,-18,13,0,0,40.243854,32,36,25,1
1,"ILEMUC08_HF_04","ILEMUC","8","ILEMUC08",4,4,5,"2_3",NA,"chill2","time3",NA,NA,"0","0","","DF",36,21,5,5,0,0,60.2845385132397,33,NA,17,1
1,"ILEMUC08_HF_05","ILEMUC","8","ILEMUC08",5,3,2,"4_1",NA,"chill4","time1",NA,NA,"0","0","","TS",13,-2,-18,13,0,0,40.243854,29,32,25,1
2,"ILEMUC08_HF_06","ILEMUC","8","ILEMUC08",6,8,3,"8_2",NA,"chill8","time2",NA,NA,"1","3","","DF",25,10,-6,10,1,3,53.4607334489438,17,21,10,1
3,"ILEMUC08_HF_07","ILEMUC","8","ILEMUC08",7,8,2,"2_2",NA,"chill2","time2",NA,NA,"0","0","","DF",25,10,-6,10,0,0,49.8365118379173,27,27,17,1
2,"ILEMUC08_HF_08","ILEMUC","8","ILEMUC08",8,2,6,"1_1",NA,"chill1","time1",NA,NA,"0","0","","TS",13,-2,-18,13,0,0,40.243854,32,32,25,1
2,"ILEMUC08_HF_09","ILEMUC","8","ILEMUC08",9,3,8,"8_3",NA,"chill8","time3",NA,NA,"3","3","","DF",36,21,5,5,3,3,66.678368297455,11,17,5,1
3,"ILEMUC08_HF_10","ILEMUC","8","ILEMUC08",10,2,5,"1_1",NA,"chill1","time1",NA,NA,"0","0","","TS",13,-2,-18,13,0,0,40.243854,32,32,25,1
2,"ILEMUC08_HF_11","ILEMUC","8","ILEMUC08",11,1,9,"4_1",NA,"chill4","time1",NA,NA,"0","0","","TS",13,-2,-18,13,0,0,40.243854,32,32,25,1
2,"ILEMUC08_HF_12","ILEMUC","8","ILEMUC08",12,1,6,"1_1",NA,"chill1","time1",NA,NA,"0","0","","TS",13,-2,-18,13,0,0,40.243854,29,32,25,1
1,"ILEMUCX1_HF_01","ILEMUC","X1","ILEMUCX1",1,1,3,"1_1",NA,"chill1","time1",NA,NA,"0","0","","TS",13,-2,-18,13,0,0,40.243854,36,NA,36,1
1,"ILEMUCX1_HF_02","ILEMUC","X1","ILEMUCX1",2,5,4,"1_2",NA,"chill1","time2",NA,NA,"0","0","","DF",25,10,-6,10,0,0,45.4964798983769,27,NA,17,1
NA,"ILEMUCX1_HF_03","ILEMUC","X1","ILEMUCX1",3,5,4,"8_3",15,"chill8","time3",NA,NA,"0","0","","DF",36,21,5,5,0,0,66.678368297455,22,NA,17,1
1,"ILEMUCX1_HF_04","ILEMUC","X1","ILEMUCX1",4,8,9,"2_2",5,"chill2","time2",NA,NA,"0","0","","DF",25,10,-6,10,0,0,49.8365118379173,27,NA,21,1
1,"ILEMUCX1_HF_05","ILEMUC","X1","ILEMUCX1",5,1,4,"4_1",NA,"chill4","time1",NA,NA,"0","0","","TS",13,-2,-18,13,0,0,40.243854,NA,NA,29,0
1,"ILEMUCX1_HF_06","ILEMUC","X1","ILEMUCX1",6,3,5,"8_1",NA,"chill8","time1",NA,NA,"0","0","","TS",13,-2,-18,13,0,0,40.243854,32,NA,25,1
1,"ILEMUCX1_HF_07","ILEMUC","X1","ILEMUCX1",7,2,3,"1_3",NA,"chill1","time3",NA,NA,"0","0","","DF",36,21,5,5,0,0,51.7673318647914,33,NA,22,1
1,"ILEMUCX1_HF_08","ILEMUC","X1","ILEMUCX1",8,8,5,"8_2",NA,"chill8","time2",NA,NA,"0","0","","DF",25,10,-6,10,0,0,53.4607334489438,28,NA,21,1
2,"ILEMUCX1_HF_09","ILEMUC","X1","ILEMUCX1",9,2,5,"4_1",NA,"chill4","time1",NA,NA,"0","0","","TS",13,-2,-18,13,0,0,40.243854,36,NA,29,1
2,"ILEMUCX1_HF_10","ILEMUC","X1","ILEMUCX1",10,3,6,"2_3",NA,"chill2","time3",NA,NA,"0","0","","DF",36,21,5,5,0,0,60.2845385132397,33,NA,22,1
2,"ILEMUCX1_HF_11","ILEMUC","X1","ILEMUCX1",11,1,1,"4_3",NA,"chill4","time3",NA,NA,"0","0","","DF",36,21,5,5,0,0,63.0118829365783,33,NA,22,1
3,"ILEMUCX1_HF_12","ILEMUC","X1","ILEMUCX1",12,4,3,"2_1",NA,"chill2","time1",NA,NA,"0","0","","TS",13,-2,-18,13,0,0,40.243854,NA,NA,NA,0
2,"ILEMUCX2_HF_01","ILEMUC","X2","ILEMUCX2",1,7,2,"2_2",NA,"chill2","time2",NA,NA,"0","0","","DF",25,10,-6,10,0,0,49.8365118379173,27,NA,21,1
1,"ILEMUCX2_HF_02","ILEMUC","X2","ILEMUCX2",2,2,9,"4_3",NA,"chill4","time3",NA,NA,"0","0","","DF",36,21,5,5,0,0,63.0118829365783,33,NA,22,1
3,"ILEMUCX2_HF_03","ILEMUC","X2","ILEMUCX2",3,3,7,"2_1",NA,"chill2","time1",NA,NA,"0","0","","TS",13,-2,-18,13,0,0,40.243854,32,NA,25,1
2,"ILEMUCX2_HF_04","ILEMUC","X2","ILEMUCX2",4,3,3,"2_3",NA,"chill2","time3",NA,NA,"0","0","","DF",36,21,5,5,0,0,60.2845385132397,33,NA,22,1
2,"ILEMUCX2_HF_05","ILEMUC","X2","ILEMUCX2",5,1,10,"1_3",NA,"chill1","time3",NA,NA,"0","0","","DF",36,21,5,5,0,0,51.7673318647914,33,NA,22,1
2,"ILEMUCX2_HF_06","ILEMUC","X2","ILEMUCX2",6,7,5,"8_2",NA,"chill8","time2",NA,NA,"0","0","","DF",25,10,-6,10,0,0,53.4607334489438,28,NA,17,1
1,"ILEMUCX2_HF_07","ILEMUC","X2","ILEMUCX2",7,6,1,"1_2",NA,"chill1","time2",NA,NA,"0","0","","DF",25,10,-6,10,0,0,45.4964798983769,27,NA,21,1
1,"ILEMUCX2_HF_08","ILEMUC","X2","ILEMUCX2",8,2,4,"1_1",NA,"chill1","time1",NA,NA,"0","0","","TS",13,-2,-18,13,0,0,40.243854,39,32,29,1
1,"ILEMUCX2_HF_09","ILEMUC","X2","ILEMUCX2",9,2,2,"4_1",NA,"chill4","time1",NA,NA,"0","0","","TS",13,-2,-18,13,0,0,40.243854,43,NA,25,1
2,"ILEMUCX2_HF_10","ILEMUC","X2","ILEMUCX2",10,6,6,"4_2",10,"chill4","time2",NA,NA,"0","0","","DF",25,10,-6,10,0,0,51.3734415685938,NA,NA,17,0
2,"ILEMUCX2_HF_11","ILEMUC","X2","ILEMUCX2",11,4,3,"8_3",NA,"chill8","time3",NA,NA,"0","0","","DF",36,21,5,5,0,0,66.678368297455,17,NA,8,1
3,"ILEMUCX2_HF_12","ILEMUC","X2","ILEMUCX2",12,4,1,"8_3",NA,"chill8","time3",NA,NA,"0","0","","DF",36,21,5,5,0,0,66.678368297455,22,NA,11,1
NA,"ILEMUCX3_HF_01","ILEMUC","X3","ILEMUCX3",1,4,8,"1_2",1,"chill1","time2",NA,NA,"0","0","","DF",25,10,-6,10,0,0,45.4964798983769,27,NA,21,1
2,"ILEMUCX3_HF_02","ILEMUC","X3","ILEMUCX3",2,3,6,"8_1",NA,"chill8","time1",NA,NA,"0","0","","TS",13,-2,-18,13,0,0,40.243854,36,NA,29,1
1,"ILEMUCX3_HF_03","ILEMUC","X3","ILEMUCX3",3,7,1,"8_2",NA,"chill8","time2",NA,NA,"0","0","","DF",25,10,-6,10,0,0,53.4607334489438,24,NA,14,1
NA,"ILEMUCX3_HF_04","ILEMUC","X3","ILEMUCX3",4,5,5,"8_3",16,"chill8","time3",NA,NA,"0","0","","DF",36,21,5,5,0,0,66.678368297455,NA,NA,11,0
3,"ILEMUCX3_HF_05","ILEMUC","X3","ILEMUCX3",5,1,6,"1_3",NA,"chill1","time3",NA,NA,"0","0","","DF",36,21,5,5,0,0,51.7673318647914,33,NA,22,1
2,"ILEMUCX3_HF_06","ILEMUC","X3","ILEMUCX3",6,1,2,"4_3",NA,"chill4","time3",NA,NA,"0","0","","DF",36,21,5,5,0,0,63.0118829365783,33,NA,17,1
1,"ILEMUCX3_HF_07","ILEMUC","X3","ILEMUCX3",7,4,3,"2_3",NA,"chill2","time3",NA,NA,"0","0","","DF",36,21,5,5,0,0,60.2845385132397,33,NA,17,1
1,"ILEMUCX3_HF_08","ILEMUC","X3","ILEMUCX3",8,2,1,"4_1",NA,"chill4","time1",NA,NA,"0","0","","TS",13,-2,-18,13,0,0,40.243854,36,NA,25,1
1,"ILEMUCX3_HF_09","ILEMUC","X3","ILEMUCX3",9,4,1,"2_1",NA,"chill2","time1",NA,NA,"0","0","","TS",13,-2,-18,13,0,0,40.243854,32,NA,25,1
2,"ILEMUCX3_HF_10","ILEMUC","X3","ILEMUCX3",10,1,7,"4_1",NA,"chill4","time1",NA,NA,"0","0","","TS",13,-2,-18,13,0,0,40.243854,36,NA,25,1
2,"ILEMUCX3_HF_11","ILEMUC","X3","ILEMUCX3",11,4,6,"2_1",NA,"chill2","time1",NA,NA,"0","0","","TS",13,-2,-18,13,0,0,40.243854,39,NA,25,1
2,"ILEMUCX3_HF_12","ILEMUC","X3","ILEMUCX3",12,2,1,"1_1",NA,"chill1","time1",NA,NA,"0","0","","TS",13,-2,-18,13,0,0,40.243854,29,NA,25,1
2,"ILEMUCX4_HF_01","ILEMUC","X4","ILEMUCX4",1,1,6,"4_3",NA,"chill4","time3",NA,NA,"0","0","","DF",36,21,5,5,0,0,63.0118829365783,17,NA,8,1
2,"ILEMUCX4_HF_02","ILEMUC","X4","ILEMUCX4",2,8,10,"2_2",6,"chill2","time2",NA,NA,"0","0","","DF",25,10,-6,10,0,0,49.8365118379173,24,NA,21,1
2,"ILEMUCX4_HF_03","ILEMUC","X4","ILEMUCX4",3,3,2,"4_1",NA,"chill4","time1",NA,NA,"0","0","","TS",13,-2,-18,13,0,0,40.243854,29,32,29,1
1,"ILEMUCX4_HF_04","ILEMUC","X4","ILEMUCX4",4,4,4,"8_1",NA,"chill8","time1",NA,NA,"0","0","","TS",13,-2,-18,13,0,0,40.243854,29,NA,25,1
1,"ILEMUCX4_HF_05","ILEMUC","X4","ILEMUCX4",5,4,8,"8_3",NA,"chill8","time3",NA,NA,"3","3","aromel?","DF",36,21,5,5,3,3,66.678368297455,11,NA,5,1
2,"ILEMUCX4_HF_06","ILEMUC","X4","ILEMUCX4",6,4,2,"2_3",NA,"chill2","time3",NA,NA,"0","0","","DF",36,21,5,5,0,0,60.2845385132397,22,NA,11,1
2,"ILEMUCX4_HF_07","ILEMUC","X4","ILEMUCX4",7,4,7,"2_1",NA,"chill2","time1",NA,NA,"0","0","","TS",13,-2,-18,13,0,0,40.243854,29,NA,25,1
2,"ILEMUCX4_HF_08","ILEMUC","X4","ILEMUCX4",8,2,2,"1_1",NA,"chill1","time1",NA,NA,"0","0","","TS",13,-2,-18,13,0,0,40.243854,29,NA,25,1
1,"ILEMUCX4_HF_09","ILEMUC","X4","ILEMUCX4",9,1,8,"1_1",NA,"chill1","time1",NA,NA,"0","0","","TS",13,-2,-18,13,0,0,40.243854,25,NA,25,1
2,"ILEMUCX4_HF_10","ILEMUC","X4","ILEMUCX4",10,5,3,"4_2",NA,"chill4","time2",NA,NA,"0","0","","DF",25,10,-6,10,0,0,51.3734415685938,24,NA,14,1
3,"ILEMUCX4_HF_11","ILEMUC","X4","ILEMUCX4",11,8,2,"8_2",NA,"chill8","time2",NA,NA,"4","4","","DF",25,10,-6,10,4,4,53.4607334489438,17,NA,10,1
3,"ILEMUCX4_HF_12","ILEMUC","X4","ILEMUCX4",12,1,9,"1_1",NA,"chill1","time1",NA,NA,"0","0","","TS",13,-2,-18,13,0,0,40.243854,29,NA,29,1
2,"ILEMUCX5_HF_01","ILEMUC","X5","ILEMUCX5",1,1,8,"4_3",NA,"chill4","time3",NA,NA,"0","0","","DF",36,21,5,5,0,0,63.0118829365783,33,NA,22,1
2,"ILEMUCX5_HF_02","ILEMUC","X5","ILEMUCX5",2,1,5,"4_3",NA,"chill4","time3",NA,NA,"0","0","","DF",36,21,5,5,0,0,63.0118829365783,NA,NA,NA,0
2,"ILEMUCX5_HF_03","ILEMUC","X5","ILEMUCX5",3,6,9,"1_2",2,"chill1","time2",NA,NA,"0","0","","DF",25,10,-6,10,0,0,45.4964798983769,27,NA,21,1
2,"ILEMUCX5_HF_04","ILEMUC","X5","ILEMUCX5",4,1,5,"1_3",NA,"chill1","time3",NA,NA,"0","0","","DF",36,21,5,5,0,0,51.7673318647914,33,NA,17,1
2,"ILEMUCX5_HF_05","ILEMUC","X5","ILEMUCX5",5,4,5,"8_3",NA,"chill8","time3",NA,NA,"0","0","","DF",36,21,5,5,0,0,66.678368297455,22,NA,22,1
2,"ILEMUCX5_HF_06","ILEMUC","X5","ILEMUCX5",6,3,1,"8_3",NA,"chill8","time3",NA,NA,"0","0","","DF",36,21,5,5,0,0,66.678368297455,22,NA,17,1
2,"ILEMUCX5_HF_07","ILEMUC","X5","ILEMUCX5",7,4,8,"2_3",NA,"chill2","time3",NA,NA,"0","0","","DF",36,21,5,5,0,0,60.2845385132397,33,NA,22,1
1,"ILEMUCX5_HF_08","ILEMUC","X5","ILEMUCX5",8,1,7,"1_1",NA,"chill1","time1",NA,NA,"0","0","","TS",13,-2,-18,13,0,0,40.243854,25,NA,25,1
1,"ILEMUCX5_HF_09","ILEMUC","X5","ILEMUCX5",9,7,3,"2_2",NA,"chill2","time2",NA,NA,"0","0","","DF",25,10,-6,10,0,0,49.8365118379173,17,NA,17,1
2,"ILEMUCX5_HF_10","ILEMUC","X5","ILEMUCX5",10,5,6,"4_2",NA,"chill4","time2",NA,NA,"0","0","","DF",25,10,-6,10,0,0,51.3734415685938,28,NA,21,1
3,"ILEMUCX5_HF_11","ILEMUC","X5","ILEMUCX5",11,3,5,"2_1",NA,"chill2","time1",NA,NA,"0","0","","TS",13,-2,-18,13,0,0,40.243854,32,NA,25,1
1,"ILEMUCX5_HF_12","ILEMUC","X5","ILEMUCX5",12,8,3,"8_2",NA,"chill8","time2",NA,NA,"0","0","","DF",25,10,-6,10,0,0,53.4607334489438,21,21,17,1
1,"QUERUB19_HF_01","QUERUB","19","QUERUB19",1,4,5,"8_3",NA,"chill8","time3",NA,NA,"0","0","","DF",36,21,5,5,0,0,66.678368297455,54,NA,47,1
2,"QUERUB19_HF_02","QUERUB","19","QUERUB19",2,2,7,"1_3",NA,"chill1","time3",NA,NA,"0","0","","DF",36,21,5,5,0,0,51.7673318647914,NA,NA,47,0
2,"QUERUB19_HF_03","QUERUB","19","QUERUB19",3,3,5,"2_3",NA,"chill2","time3",NA,NA,"1","1","","DF",36,21,5,5,1,1,60.2845385132397,61,NA,54,1
1,"QUERUB19_HF_04","QUERUB","19","QUERUB19",4,8,1,"2_2",NA,"chill2","time2",NA,NA,"0","0","","DF",25,10,-6,10,0,0,49.8365118379173,70,NA,52,1
2,"QUERUB19_HF_05","QUERUB","19","QUERUB19",5,7,5,"2_2",NA,"chill2","time2",NA,NA,"0","0","","DF",25,10,-6,10,0,0,49.8365118379173,63,NA,21,1
3,"QUERUB19_HF_06","QUERUB","19","QUERUB19",6,4,6,"8_1",NA,"chill8","time1",NA,NA,"1","1","","TS",13,-2,-18,13,1,1,40.243854,70,NA,64,1
1,"QUERUB19_HF_07","QUERUB","19","QUERUB19",7,5,6,"4_2",NA,"chill4","time2",NA,NA,"0","0","","DF",25,10,-6,10,0,0,51.3734415685938,63,NA,55,1
1,"QUERUB19_HF_08","QUERUB","19","QUERUB19",8,2,9,"4_1",NA,"chill4","time1",NA,NA,"1","1","","TS",13,-2,-18,13,1,1,40.243854,70,NA,48,1
1,"QUERUB19_HF_09","QUERUB","19","QUERUB19",9,2,7,"4_3",NA,"chill4","time3",NA,NA,"0","0","","DF",36,21,5,5,0,0,63.0118829365783,54,NA,47,1
2,"QUERUB19_HF_10","QUERUB","19","QUERUB19",10,3,8,"8_1",NA,"chill8","time1",NA,NA,"1","1","","TS",13,-2,-18,13,1,1,40.243854,70,NA,64,1
2,"QUERUB19_HF_11","QUERUB","19","QUERUB19",11,5,3,"1_2",NA,"chill1","time2",NA,NA,"0","0","","DF",25,10,-6,10,0,0,45.4964798983769,70,NA,21,1
1,"QUERUB19_HF_12","QUERUB","19","QUERUB19",12,6,3,"1_2",NA,"chill1","time2",NA,NA,"0","0","","DF",25,10,-6,10,0,0,45.4964798983769,70,NA,21,1
1,"QUERUB21_HF_01","QUERUB","21","QUERUB21",1,3,7,"2_3",NA,"chill2","time3",NA,NA,"0","0","","DF",36,21,5,5,0,0,60.2845385132397,54,NA,39,1
1,"QUERUB21_HF_02","QUERUB","21","QUERUB21",2,7,10,"2_2",NA,"chill2","time2",NA,NA,"0","0","","DF",25,10,-6,10,0,0,49.8365118379173,63,NA,49,1
1,"QUERUB21_HF_03","QUERUB","21","QUERUB21",3,6,7,"1_2",NA,"chill1","time2",NA,NA,"0","0","","DF",25,10,-6,10,0,0,45.4964798983769,63,NA,49,1
2,"QUERUB21_HF_04","QUERUB","21","QUERUB21",4,1,9,"1_3",NA,"chill1","time3",NA,NA,"0","0","","DF",36,21,5,5,0,0,51.7673318647914,NA,NA,47,0
1,"QUERUB21_HF_05","QUERUB","21","QUERUB21",5,4,8,"8_1",NA,"chill8","time1",NA,NA,"1","1","","TS",13,-2,-18,13,1,1,40.243854,70,NA,29,1
2,"QUERUB21_HF_06","QUERUB","21","QUERUB21",6,6,7,"4_2",11,"chill4","time2",NA,NA,"0","0","","DF",25,10,-6,10,0,0,51.3734415685938,55,NA,49,1
1,"QUERUB21_HF_07","QUERUB","21","QUERUB21",7,4,10,"8_3",NA,"chill8","time3",NA,NA,"0","0","","DF",36,21,5,5,0,0,66.678368297455,39,NA,39,1
2,"QUERUB21_HF_08","QUERUB","21","QUERUB21",8,8,2,"8_2",NA,"chill8","time2",NA,NA,"0","0","","DF",25,10,-6,10,0,0,53.4607334489438,55,NA,28,1
1,"QUERUB21_HF_09","QUERUB","21","QUERUB21",9,1,6,"4_1",NA,"chill4","time1",NA,NA,"1","1","","TS",13,-2,-18,13,1,1,40.243854,70,NA,53,1
2,"QUERUB21_HF_10","QUERUB","21","QUERUB21",10,7,9,"2_2",NA,"chill2","time2",NA,NA,"0","0","","DF",25,10,-6,10,0,0,49.8365118379173,52,NA,49,1
1,"QUERUB21_HF_11","QUERUB","21","QUERUB21",11,1,1,"4_3",NA,"chill4","time3",NA,NA,"0","0","","DF",36,21,5,5,0,0,63.0118829365783,54,NA,47,1
1,"QUERUB21_HF_12","QUERUB","21","QUERUB21",12,2,6,"1_3",NA,"chill1","time3",NA,NA,"0","0","","DF",36,21,5,5,0,0,51.7673318647914,NA,NA,17,0
2,"QUERUB22_HF_01","QUERUB","22","QUERUB22",1,7,1,"2_2",NA,"chill2","time2",NA,NA,"0","0","","DF",25,10,-6,10,0,0,49.8365118379173,49,NA,38,1
1,"QUERUB22_HF_02","QUERUB","22","QUERUB22",2,3,5,"8_3",NA,"chill8","time3",NA,NA,"0","0","","DF",36,21,5,5,0,0,66.678368297455,33,NA,22,1
2,"QUERUB22_HF_03","QUERUB","22","QUERUB22",3,4,5,"2_1",NA,"chill2","time1",NA,NA,"1","1","","TS",13,-2,-18,13,1,1,40.243854,53,NA,42,1
3,"QUERUB22_HF_04","QUERUB","22","QUERUB22",4,1,6,"1_1",NA,"chill1","time1",NA,NA,"1","1","","TS",13,-2,-18,13,1,1,40.243854,64,NA,36,1
1,"QUERUB22_HF_05","QUERUB","22","QUERUB22",5,8,4,"8_2",NA,"chill8","time2",NA,NA,"0","0","","DF",25,10,-6,10,0,0,53.4607334489438,38,NA,33,1
1,"QUERUB22_HF_06","QUERUB","22","QUERUB22",6,6,8,"1_2",NA,"chill1","time2",NA,NA,"0","0","","DF",25,10,-6,10,0,0,45.4964798983769,49,NA,38,1
1,"QUERUB22_HF_07","QUERUB","22","QUERUB22",7,6,1,"4_2",NA,"chill4","time2",NA,NA,"0","0","","DF",25,10,-6,10,0,0,51.3734415685938,49,NA,28,1
2,"QUERUB22_HF_08","QUERUB","22","QUERUB22",8,3,1,"4_1",NA,"chill4","time1",NA,NA,"1","1","","TS",13,-2,-18,13,1,1,40.243854,43,NA,36,1
2,"QUERUB22_HF_09","QUERUB","22","QUERUB22",9,2,2,"4_1",NA,"chill4","time1",NA,NA,"1","1","","TS",13,-2,-18,13,1,1,40.243854,43,NA,43,1
1,"QUERUB22_HF_10","QUERUB","22","QUERUB22",10,1,5,"1_3",NA,"chill1","time3",NA,NA,"0","0","","DF",36,21,5,5,0,0,51.7673318647914,39,NA,39,1
2,"QUERUB22_HF_11","QUERUB","22","QUERUB22",11,4,7,"8_1",NA,"chill8","time1",NA,NA,"0","0","","TS",13,-2,-18,13,0,0,40.243854,NA,NA,NA,0
1,"QUERUB22_HF_12","QUERUB","22","QUERUB22",12,4,1,"2_3",NA,"chill2","time3",NA,NA,"0","0","","DF",36,21,5,5,0,0,60.2845385132397,61,NA,39,1
2,"QUERUB23_HF_01","QUERUB","23","QUERUB23",1,8,9,"8_2",NA,"chill8","time2",NA,NA,"0","0","","DF",25,10,-6,10,0,0,53.4607334489438,55,NA,49,1
3,"QUERUB23_HF_02","QUERUB","23","QUERUB23",2,5,8,"4_2",NA,"chill4","time2",NA,NA,"0","0","","DF",25,10,-6,10,0,0,51.3734415685938,63,NA,55,1
2,"QUERUB23_HF_03","QUERUB","23","QUERUB23",3,1,8,"4_1",NA,"chill4","time1",NA,NA,"1","1","","TS",13,-2,-18,13,1,1,40.243854,70,NA,53,1
3,"QUERUB23_HF_04","QUERUB","23","QUERUB23",4,6,6,"1_2",NA,"chill1","time2",NA,NA,"0","0","","DF",25,10,-6,10,0,0,45.4964798983769,63,NA,49,1
2,"QUERUB23_HF_05","QUERUB","23","QUERUB23",5,8,5,"2_2",NA,"chill2","time2",NA,NA,"0","0","","DF",25,10,-6,10,0,0,49.8365118379173,49,NA,49,1
2,"QUERUB23_HF_06","QUERUB","23","QUERUB23",6,3,8,"2_1",NA,"chill2","time1",NA,NA,"1","1","","TS",13,-2,-18,13,1,1,40.243854,78,NA,53,1
3,"QUERUB23_HF_07","QUERUB","23","QUERUB23",7,4,10,"2_3",7,"chill2","time3",NA,NA,"0","0","","DF",36,21,5,5,0,0,60.2845385132397,54,NA,47,1
3,"QUERUB23_HF_08","QUERUB","23","QUERUB23",8,2,4,"1_1",NA,"chill1","time1",NA,NA,"0","0","","TS",13,-2,-18,13,0,0,40.243854,NA,NA,NA,0
1,"QUERUB23_HF_09","QUERUB","23","QUERUB23",9,3,7,"8_3",NA,"chill8","time3",NA,NA,"0","0","","DF",36,21,5,5,0,0,66.678368297455,54,NA,39,1
1,"QUERUB23_HF_10","QUERUB","23","QUERUB23",10,1,9,"4_3",NA,"chill4","time3",NA,NA,"0","0","","DF",36,21,5,5,0,0,63.0118829365783,54,NA,39,1
3,"QUERUB23_HF_11","QUERUB","23","QUERUB23",11,2,6,"1_1",NA,"chill1","time1",NA,NA,"0","0","","TS",13,-2,-18,13,0,0,40.243854,78,NA,48,1
2,"QUERUB23_HF_12","QUERUB","23","QUERUB23",12,4,4,"8_3",NA,"chill8","time3",NA,NA,"0","0","","DF",36,21,5,5,0,0,66.678368297455,54,NA,39,1
2,"QUERUBX2_HF_01","QUERUB","X2","QUERUBX2",1,6,2,"4_2",NA,"chill4","time2",NA,NA,"0","0","","DF",25,10,-6,10,0,0,51.3734415685938,NA,NA,NA,0
1,"QUERUBX2_HF_02","QUERUB","X2","QUERUBX2",2,5,5,"1_2",NA,"chill1","time2",NA,NA,"0","0","","DF",25,10,-6,10,0,0,45.4964798983769,70,NA,49,1
1,"QUERUBX2_HF_03","QUERUB","X2","QUERUBX2",3,3,6,"2_1",NA,"chill2","time1",NA,NA,"0","0","","TS",13,-2,-18,13,0,0,40.243854,NA,NA,48,0
1,"QUERUBX2_HF_04","QUERUB","X2","QUERUBX2",4,7,2,"2_2",NA,"chill2","time2",NA,NA,"0","0","","DF",25,10,-6,10,0,0,49.8365118379173,NA,NA,NA,0
2,"QUERUBX2_HF_05","QUERUB","X2","QUERUBX2",5,7,1,"8_2",NA,"chill8","time2",NA,NA,"0","0","","DF",25,10,-6,10,0,0,53.4607334489438,49,NA,49,1
1,"QUERUBX2_HF_06","QUERUB","X2","QUERUBX2",6,1,1,"1_1",NA,"chill1","time1",NA,NA,"0","0","","TS",13,-2,-18,13,0,0,40.243854,64,NA,48,1
3,"QUERUBX2_HF_07","QUERUB","X2","QUERUBX2",7,2,10,"1_3",3,"chill1","time3",NA,NA,"0","0","","DF",36,21,5,5,0,0,51.7673318647914,NA,NA,NA,0
2,"QUERUBX2_HF_08","QUERUB","X2","QUERUBX2",8,4,6,"8_3",NA,"chill8","time3",NA,NA,"0","0","","DF",36,21,5,5,0,0,66.678368297455,47,NA,33,1
2,"QUERUBX2_HF_09","QUERUB","X2","QUERUBX2",9,2,7,"4_1",NA,"chill4","time1",NA,NA,"0","0","","TS",13,-2,-18,13,0,0,40.243854,64,NA,48,1
3,"QUERUBX2_HF_10","QUERUB","X2","QUERUBX2",10,2,1,"4_3",NA,"chill4","time3",NA,NA,"0","0","","DF",36,21,5,5,0,0,63.0118829365783,NA,NA,NA,0
1,"QUERUBX2_HF_11","QUERUB","X2","QUERUBX2",11,3,4,"2_3",NA,"chill2","time3",NA,NA,"0","0","","DF",36,21,5,5,0,0,60.2845385132397,NA,NA,47,0
1,"QUERUBX2_HF_12","QUERUB","X2","QUERUBX2",12,4,5,"8_1",NA,"chill8","time1",NA,NA,"-","-","missing","TS",13,-2,-18,13,NA,NA,40.243854,70,NA,53,1
3,"QUERUBX3_HF_01","QUERUB","X3","QUERUBX3",1,3,1,"2_1",NA,"chill2","time1",NA,NA,"1","1","","TS",13,-2,-18,13,1,1,40.243854,64,NA,48,1
3,"QUERUBX3_HF_02","QUERUB","X3","QUERUBX3",2,1,9,"4_1",NA,"chill4","time1",NA,NA,"1","1","","TS",13,-2,-18,13,1,1,40.243854,53,NA,43,1
1,"QUERUBX3_HF_03","QUERUB","X3","QUERUBX3",3,7,5,"8_2",NA,"chill8","time2",NA,NA,"0","0","","DF",25,10,-6,10,0,0,53.4607334489438,49,NA,38,1
1,"QUERUBX3_HF_04","QUERUB","X3","QUERUBX3",4,1,4,"1_1",NA,"chill1","time1",NA,NA,"1","1","","TS",13,-2,-18,13,1,1,40.243854,78,NA,53,1
1,"QUERUBX3_HF_05","QUERUB","X3","QUERUBX3",5,1,10,"1_3",NA,"chill1","time3",NA,NA,"0","0","","DF",36,21,5,5,0,0,51.7673318647914,47,NA,39,1
2,"QUERUBX3_HF_06","QUERUB","X3","QUERUBX3",6,2,6,"4_1",NA,"chill4","time1",NA,NA,"1","1","","TS",13,-2,-18,13,1,1,40.243854,NA,NA,NA,0
1,"QUERUBX3_HF_07","QUERUB","X3","QUERUBX3",7,4,9,"8_1",NA,"chill8","time1",NA,NA,"1","1","","TS",13,-2,-18,13,1,1,40.243854,53,NA,43,1
3,"QUERUBX3_HF_08","QUERUB","X3","QUERUBX3",8,4,4,"8_1",NA,"chill8","time1",NA,NA,"1","1","","TS",13,-2,-18,13,1,1,40.243854,53,NA,43,1
1,"QUERUBX3_HF_09","QUERUB","X3","QUERUBX3",9,4,2,"2_3",NA,"chill2","time3",NA,NA,"0","0","","DF",36,21,5,5,0,0,60.2845385132397,47,NA,47,1
1,"QUERUBX3_HF_10","QUERUB","X3","QUERUBX3",10,2,3,"4_3",NA,"chill4","time3",NA,NA,"0","0","","DF",36,21,5,5,0,0,63.0118829365783,11,NA,11,1
1,"QUERUBX3_HF_11","QUERUB","X3","QUERUBX3",11,5,7,"1_2",NA,"chill1","time2",NA,NA,"0","0","","DF",25,10,-6,10,0,0,45.4964798983769,49,NA,49,1
1,"QUERUBX3_HF_12","QUERUB","X3","QUERUBX3",12,8,8,"2_2",NA,"chill2","time2",NA,NA,"0","0","","DF",25,10,-6,10,0,0,49.8365118379173,52,NA,49,1
2,"QUERUBX4_HF_01","QUERUB","X4","QUERUBX4",1,3,4,"8_1",NA,"chill8","time1",NA,NA,"1","1","","TS",13,-2,-18,13,1,1,40.243854,53,NA,43,1
2,"QUERUBX4_HF_02","QUERUB","X4","QUERUBX4",2,5,9,"1_2",NA,"chill1","time2",NA,NA,"0","0","","DF",25,10,-6,10,0,0,45.4964798983769,NA,NA,NA,0
1,"QUERUBX4_HF_03","QUERUB","X4","QUERUBX4",3,6,4,"1_2",NA,"chill1","time2",NA,NA,"0","0","","DF",25,10,-6,10,0,0,45.4964798983769,63,NA,49,1
3,"QUERUBX4_HF_04","QUERUB","X4","QUERUBX4",4,2,3,"1_3",NA,"chill1","time3",NA,NA,"0","0","","DF",36,21,5,5,0,0,51.7673318647914,47,NA,40,1
1,"QUERUBX4_HF_05","QUERUB","X4","QUERUBX4",5,4,4,"2_3",NA,"chill2","time3",NA,NA,"0","0","","DF",36,21,5,5,0,0,60.2845385132397,NA,NA,NA,0
1,"QUERUBX4_HF_06","QUERUB","X4","QUERUBX4",6,1,2,"4_3",NA,"chill4","time3",NA,NA,"0","0","","DF",36,21,5,5,0,0,63.0118829365783,40,NA,40,1
1,"QUERUBX4_HF_07","QUERUB","X4","QUERUBX4",7,7,8,"2_2",NA,"chill2","time2",NA,NA,"0","0","","DF",25,10,-6,10,0,0,49.8365118379173,NA,NA,NA,0
2,"QUERUBX4_HF_08","QUERUB","X4","QUERUBX4",8,4,4,"2_1",NA,"chill2","time1",NA,NA,"1","1","","TS",13,-2,-18,13,1,1,40.243854,NA,NA,48,0
3,"QUERUBX4_HF_09","QUERUB","X4","QUERUBX4",9,8,6,"8_2",NA,"chill8","time2",NA,NA,"0","0","","DF",25,10,-6,10,0,0,53.4607334489438,NA,NA,NA,0
2,"QUERUBX4_HF_10","QUERUB","X4","QUERUBX4",10,4,2,"8_1",NA,"chill8","time1",NA,NA,"0","0","","TS",13,-2,-18,13,0,0,40.243854,53,NA,48,1
1,"QUERUBX4_HF_11","QUERUB","X4","QUERUBX4",11,5,1,"4_2",NA,"chill4","time2",NA,NA,"0","0","","DF",25,10,-6,10,0,0,51.3734415685938,49,NA,33,1
1,"QUERUBX4_HF_12","QUERUB","X4","QUERUBX4",12,2,8,"4_1",NA,"chill4","time1",NA,NA,"1","1","","TS",13,-2,-18,13,1,1,40.243854,53,NA,39,1
1,"QUERUBX5_HF_01","QUERUB","X5","QUERUBX5",1,5,7,"4_2",NA,"chill4","time2",NA,NA,"0","0","","DF",25,10,-6,10,0,0,51.3734415685938,55,NA,55,1
3,"QUERUBX5_HF_02","QUERUB","X5","QUERUBX5",2,4,7,"2_1",NA,"chill2","time1",NA,NA,"0","0","","TS",13,-2,-18,13,0,0,40.243854,NA,NA,NA,0
1,"QUERUBX5_HF_03","QUERUB","X5","QUERUBX5",3,1,5,"4_1",NA,"chill4","time1",NA,NA,"1","1","","TS",13,-2,-18,13,1,1,40.243854,NA,NA,43,0
1,"QUERUBX5_HF_04","QUERUB","X5","QUERUBX5",4,7,3,"8_2",NA,"chill8","time2",NA,NA,"0","0","","DF",25,10,-6,10,0,0,53.4607334489438,49,NA,38,1
1,"QUERUBX5_HF_05","QUERUB","X5","QUERUBX5",5,5,6,"1_2",NA,"chill1","time2",NA,NA,"0","0","","DF",25,10,-6,10,0,0,45.4964798983769,49,NA,49,1
1,"QUERUBX5_HF_06","QUERUB","X5","QUERUBX5",6,1,5,"1_1",NA,"chill1","time1",NA,NA,"0","0","","TS",13,-2,-18,13,0,0,40.243854,64,NA,48,1
2,"QUERUBX5_HF_07","QUERUB","X5","QUERUBX5",7,2,4,"1_3",NA,"chill1","time3",NA,NA,"0","0","","DF",36,21,5,5,0,0,51.7673318647914,39,NA,39,1
1,"QUERUBX5_HF_08","QUERUB","X5","QUERUBX5",8,4,3,"8_1",NA,"chill8","time1",NA,NA,"0","0","","TS",13,-2,-18,13,0,0,40.243854,NA,NA,NA,0
1,"QUERUBX5_HF_09","QUERUB","X5","QUERUBX5",9,3,4,"2_1",NA,"chill2","time1",NA,NA,"1","1","","TS",13,-2,-18,13,1,1,40.243854,67,NA,53,1
2,"QUERUBX5_HF_10","QUERUB","X5","QUERUBX5",10,4,9,"8_3",NA,"chill8","time3",NA,NA,"0","0","","DF",36,21,5,5,0,0,66.678368297455,39,NA,33,1
1,"QUERUBX5_HF_11","QUERUB","X5","QUERUBX5",11,1,3,"4_3",NA,"chill4","time3",NA,NA,"0","0","","DF",36,21,5,5,0,0,63.0118829365783,39,NA,33,1
2,"QUERUBX5_HF_12","QUERUB","X5","QUERUBX5",12,4,5,"2_3",NA,"chill2","time3",NA,NA,"0","0","","DF",36,21,5,5,0,0,60.2845385132397,39,NA,39,1
3,"VIBCAS01_HF_01","VIBCAS","1","VIBCAS01",1,7,9,"2_2",NA,"chill2","time2",NA,NA,"0","0","","DF",25,10,-6,10,0,0,49.8365118379173,21,NA,17,1
2,"VIBCAS01_HF_02","VIBCAS","1","VIBCAS01",2,5,6,"1_2",NA,"chill1","time2",NA,NA,"0","0","","DF",25,10,-6,10,0,0,45.4964798983769,24,NA,17,1
2,"VIBCAS01_HF_03","VIBCAS","1","VIBCAS01",3,5,1,"4_2",NA,"chill4","time2",NA,NA,"0","0","","DF",25,10,-6,10,0,0,51.3734415685938,21,NA,14,1
1,"VIBCAS01_HF_04","VIBCAS","1","VIBCAS01",4,2,5,"1_3",NA,"chill1","time3",NA,NA,"0","0","","DF",36,21,5,5,0,0,51.7673318647914,17,NA,17,1
3,"VIBCAS01_HF_05","VIBCAS","1","VIBCAS01",5,7,2,"2_2",NA,"chill2","time2",NA,NA,"0","0","","DF",25,10,-6,10,0,0,49.8365118379173,17,NA,17,1
1,"VIBCAS01_HF_06","VIBCAS","1","VIBCAS01",6,4,9,"2_3",NA,"chill2","time3",NA,NA,"0","0","","DF",36,21,5,5,0,0,60.2845385132397,17,NA,17,1
1,"VIBCAS01_HF_07","VIBCAS","1","VIBCAS01",7,3,4,"8_3",NA,"chill8","time3",NA,NA,"3","1","","DF",36,21,5,5,3,1,66.678368297455,11,NA,5,1
2,"VIBCAS01_HF_08","VIBCAS","1","VIBCAS01",8,8,4,"8_2",NA,"chill8","time2",NA,NA,"3","1","","DF",25,10,-6,10,3,1,53.4607334489438,17,NA,10,1
2,"VIBCAS01_HF_09","VIBCAS","1","VIBCAS01",9,5,9,"4_2",NA,"chill4","time2",NA,NA,"0","0","","DF",25,10,-6,10,0,0,51.3734415685938,21,NA,14,1
2,"VIBCAS01_HF_10","VIBCAS","1","VIBCAS01",10,1,6,"1_3",NA,"chill1","time3",NA,NA,"0","0","","DF",36,21,5,5,0,0,51.7673318647914,17,NA,17,1
3,"VIBCAS01_HF_11","VIBCAS","1","VIBCAS01",11,2,7,"4_3",NA,"chill4","time3",NA,NA,"0","0","","DF",36,21,5,5,0,0,63.0118829365783,17,NA,17,1
2,"VIBCAS01_HF_12","VIBCAS","1","VIBCAS01",12,3,7,"8_3",NA,"chill8","time3",NA,NA,"3","3","","DF",36,21,5,5,3,3,66.678368297455,11,NA,5,1
2,"VIBCAS02_HF_01","VIBCAS","2","VIBCAS02",1,3,5,"8_3",NA,"chill8","time3",NA,NA,"0","0","","DF",36,21,5,5,0,0,66.678368297455,NA,NA,NA,0
2,"VIBCAS02_HF_02","VIBCAS","2","VIBCAS02",2,2,2,"4_3",NA,"chill4","time3",NA,NA,"0","0","","DF",36,21,5,5,0,0,63.0118829365783,17,NA,17,1
2,"VIBCAS02_HF_03","VIBCAS","2","VIBCAS02",3,1,4,"1_3",NA,"chill1","time3",NA,NA,"0","0","","DF",36,21,5,5,0,0,51.7673318647914,11,NA,11,1
3,"VIBCAS02_HF_04","VIBCAS","2","VIBCAS02",4,1,6,"4_3",NA,"chill4","time3",NA,NA,"0","0","","DF",36,21,5,5,0,0,63.0118829365783,11,NA,11,1
3,"VIBCAS02_HF_05","VIBCAS","2","VIBCAS02",5,6,6,"4_2",10,"chill4","time2",NA,NA,"0","0","","DF",25,10,-6,10,0,0,51.3734415685938,17,NA,17,1
NA,"VIBCAS02_HF_06","VIBCAS","2","VIBCAS02",6,5,3,"8_2",14,"chill8","time2",NA,NA,"0","0","","DF",25,10,-6,10,0,0,53.4607334489438,NA,NA,NA,0
NA,"VIBCAS02_HF_07","VIBCAS","2","VIBCAS02",7,NA,NA,"8_3",NA,"chill8","time3",NA,NA,"0","0","","DF",36,21,5,5,0,0,66.678368297455,NA,NA,NA,0
3,"VIBCAS02_HF_08","VIBCAS","2","VIBCAS02",8,8,1,"2_2",NA,"chill2","time2",NA,NA,"0","0","","DF",25,10,-6,10,0,0,49.8365118379173,24,NA,17,1
2,"VIBCAS02_HF_09","VIBCAS","2","VIBCAS02",9,6,8,"1_2",NA,"chill1","time2",NA,NA,"0","0","","DF",25,10,-6,10,0,0,45.4964798983769,21,NA,17,1
2,"VIBCAS02_HF_10","VIBCAS","2","VIBCAS02",10,1,5,"1_1",NA,"chill1","time1",NA,NA,"0","0","","TS",13,-2,-18,13,0,0,40.243854,29,NA,29,1
3,"VIBCAS02_HF_11","VIBCAS","2","VIBCAS02",11,3,3,"2_3",NA,"chill2","time3",NA,NA,"0","0","","DF",36,21,5,5,0,0,60.2845385132397,22,NA,8,1
3,"VIBCAS02_HF_12","VIBCAS","2","VIBCAS02",12,4,2,"2_3",NA,"chill2","time3",NA,NA,"0","0","","DF",36,21,5,5,0,0,60.2845385132397,17,NA,17,1
2,"VIBCAS08_HF_01","VIBCAS","8","VIBCAS08",1,3,9,"2_3",NA,"chill2","time3",NA,NA,"0","0","","DF",36,21,5,5,0,0,60.2845385132397,22,NA,17,1
2,"VIBCAS08_HF_02","VIBCAS","8","VIBCAS08",2,2,1,"4_1",NA,"chill4","time1",NA,NA,"0","0","","TS",13,-2,-18,13,0,0,40.243854,32,NA,29,1
3,"VIBCAS08_HF_03","VIBCAS","8","VIBCAS08",3,5,9,"1_2",NA,"chill1","time2",NA,NA,"0","0","","DF",25,10,-6,10,0,0,45.4964798983769,21,NA,17,1
2,"VIBCAS08_HF_04","VIBCAS","8","VIBCAS08",4,4,3,"2_3",NA,"chill2","time3",NA,NA,"0","0","","DF",36,21,5,5,0,0,60.2845385132397,17,NA,17,1
1,"VIBCAS08_HF_05","VIBCAS","8","VIBCAS08",5,1,3,"4_1",NA,"chill4","time1",NA,NA,"0","0","","TS",13,-2,-18,13,0,0,40.243854,25,NA,25,1
1,"VIBCAS08_HF_06","VIBCAS","8","VIBCAS08",6,3,1,"8_3",NA,"chill8","time3",NA,NA,"0","0","","DF",36,21,5,5,0,0,66.678368297455,11,NA,8,1
1,"VIBCAS08_HF_07","VIBCAS","8","VIBCAS08",7,1,1,"1_3",NA,"chill1","time3",NA,NA,"0","0","","DF",36,21,5,5,0,0,51.7673318647914,22,NA,8,1
3,"VIBCAS08_HF_08","VIBCAS","8","VIBCAS08",8,7,6,"8_2",NA,"chill8","time2",NA,NA,"0","0","","DF",25,10,-6,10,0,0,53.4607334489438,21,NA,14,1
2,"VIBCAS08_HF_09","VIBCAS","8","VIBCAS08",9,8,10,"2_2",6,"chill2","time2",NA,NA,"0","0","","DF",25,10,-6,10,0,0,49.8365118379173,24,NA,17,1
1,"VIBCAS08_HF_10","VIBCAS","8","VIBCAS08",10,7,4,"8_2",NA,"chill8","time2",NA,NA,"0","0","","DF",25,10,-6,10,0,0,53.4607334489438,21,NA,14,1
2,"VIBCAS08_HF_11","VIBCAS","8","VIBCAS08",11,1,1,"1_1",NA,"chill1","time1",NA,NA,"0","0","","TS",13,-2,-18,13,0,0,40.243854,36,NA,29,1
2,"VIBCAS08_HF_12","VIBCAS","8","VIBCAS08",12,6,1,"4_2",NA,"chill4","time2",NA,NA,"0","0","","DF",25,10,-6,10,0,0,51.3734415685938,24,NA,17,1
1,"VIBCASX5_HF_01","VIBCAS","X5","VIBCASX5",1,5,1,"1_2",NA,"chill1","time2",NA,NA,"0","0","","DF",25,10,-6,10,0,0,45.4964798983769,17,NA,17,1
1,"VIBCASX5_HF_02","VIBCAS","X5","VIBCASX5",2,7,7,"2_2",NA,"chill2","time2",NA,NA,"0","0","","DF",25,10,-6,10,0,0,49.8365118379173,14,NA,14,1
2,"VIBCASX5_HF_03","VIBCAS","X5","VIBCASX5",3,7,7,"8_2",NA,"chill8","time2",NA,NA,"5","5","","DF",25,10,-6,10,5,5,53.4607334489438,14,NA,10,1
2,"VIBCASX5_HF_04","VIBCAS","X5","VIBCASX5",4,4,1,"8_1",NA,"chill8","time1",NA,NA,"1","1","","TS",13,-2,-18,13,1,1,40.243854,29,NA,29,1
3,"VIBCASX5_HF_05","VIBCAS","X5","VIBCASX5",5,6,7,"4_2",11,"chill4","time2",NA,NA,"3","3","","DF",25,10,-6,10,3,3,51.3734415685938,14,NA,10,1
2,"VIBCASX5_HF_06","VIBCAS","X5","VIBCASX5",6,2,3,"4_3",NA,"chill4","time3",NA,NA,"0","0","","DF",36,21,5,5,0,0,63.0118829365783,17,NA,17,1
2,"VIBCASX5_HF_07","VIBCAS","X5","VIBCASX5",7,3,1,"2_3",NA,"chill2","time3",NA,NA,"0","0","","DF",36,21,5,5,0,0,60.2845385132397,11,NA,11,1
NA,"VIBCASX5_HF_08","VIBCAS","X5","VIBCASX5",8,NA,NA,"4_3",NA,"chill4","time3",NA,NA,"0","0","","DF",36,21,5,5,0,0,63.0118829365783,NA,NA,NA,0
2,"VIBCASX5_HF_09","VIBCAS","X5","VIBCASX5",9,3,5,"8_1",NA,"chill8","time1",NA,NA,"0","0","","TS",13,-2,-18,13,0,0,40.243854,29,NA,29,1
2,"VIBCASX5_HF_10","VIBCAS","X5","VIBCASX5",10,6,7,"1_2",4,"chill1","time2",NA,NA,"6","6","","DF",36,21,5,21,6,6,45.4964798983769,21,NA,21,1
1,"VIBCASX5_HF_11","VIBCAS","X5","VIBCASX5",11,4,2,"2_1",NA,"chill2","time1",NA,NA,"0","0","","TS",13,-2,-18,13,0,0,40.243854,25,NA,25,1
1,"VIBCASX5_HF_12","VIBCAS","X5","VIBCASX5",12,2,3,"1_1",NA,"chill1","time1",NA,NA,"1","1","","TS",13,-2,-18,13,1,1,40.243854,25,NA,25,1
